time,busstop,nextArrivalTime,nextPassengers,passengers
4/9/2018 7:52,LT13,13,-,-
4/9/2018 7:52,COM2,15,-,-
4/9/2018 7:52,KR-MRT,11,-,-
4/9/2018 7:52,LT29,14,-,-
4/9/2018 7:52,UHALL,8,-,-
4/9/2018 7:52,PGP12-OPP,22,-,-
4/9/2018 7:52,CENLIB,11,-,-
4/9/2018 7:52,STAFFCLUB-OPP,8,-,-
4/9/2018 7:52,AS7,14,-,-
4/9/2018 7:52,YIH,9,-,-
4/9/2018 7:52,BIZ2,21,-,-
4/9/2018 7:53,PGP7,9,-,-
4/9/2018 7:53,PGPT,7,-,-
4/9/2018 7:56,LT13,7,-,-
4/9/2018 7:56,COM2,9,-,-
4/9/2018 7:56,KR-MRT,7,-,-
4/9/2018 7:56,LT29,10,-,-
4/9/2018 7:56,UHALL,12,-,-
4/9/2018 7:56,PGP12-OPP,11,-,-
4/9/2018 7:56,CENLIB,17,-,-
4/9/2018 7:56,STAFFCLUB-OPP,14,-,-
4/9/2018 7:56,AS7,7,-,-
4/9/2018 7:56,YIH,15,-,-
4/9/2018 7:56,BIZ2,11,-,-
4/9/2018 7:56,PGP7,12,-,-
4/9/2018 7:56,PGPT,11,-,-
4/9/2018 7:59,LT13,11,-,-
4/9/2018 7:59,COM2,14,-,-
4/9/2018 7:59,KR-MRT,11,-,-
4/9/2018 7:59,LT29,4,-,-
4/9/2018 7:59,UHALL,7,-,-
4/9/2018 7:59,PGP12-OPP,11,-,-
4/9/2018 7:59,CENLIB,9,-,-
4/9/2018 7:59,STAFFCLUB-OPP,7,-,-
4/9/2018 7:59,AS7,13,-,-
4/9/2018 7:59,YIH,8,-,-
4/9/2018 7:59,BIZ2,10,-,-
4/9/2018 7:59,PGP7,11,-,-
4/9/2018 7:59,PGPT,8,-,-
4/9/2018 8:02,LT13,10,-,-
4/9/2018 8:02,COM2,16,-,-
4/9/2018 8:02,KR-MRT,8,-,-
4/9/2018 8:02,LT29,11,-,-
4/9/2018 8:02,UHALL,13,-,-
4/9/2018 8:02,PGP12-OPP,24,-,-
4/9/2018 8:02,CENLIB,9,-,-
4/9/2018 8:02,STAFFCLUB-OPP,9,-,-
4/9/2018 8:02,AS7,14,-,-
4/9/2018 8:03,YIH,7,-,-
4/9/2018 8:03,BIZ2,18,-,-
4/9/2018 8:03,PGP7,23,-,-
4/9/2018 8:03,PGPT,12,-,-
4/9/2018 8:06,LT13,7,-,-
4/9/2018 8:06,COM2,9,-,-
4/9/2018 8:06,KR-MRT,12,-,-
4/9/2018 8:06,LT29,5,-,-
4/9/2018 8:06,UHALL,8,-,-
4/9/2018 8:06,PGP12-OPP,12,-,-
4/9/2018 8:06,CENLIB,10,-,-
4/9/2018 8:06,STAFFCLUB-OPP,7,-,-
4/9/2018 8:06,AS7,8,-,-
4/9/2018 8:06,YIH,9,-,-
4/9/2018 8:06,BIZ2,11,-,-
4/9/2018 8:06,PGP7,12,-,-
4/9/2018 8:06,PGPT,9,-,-
4/9/2018 8:09,LT13,13,-,-
4/9/2018 8:09,COM2,16,-,-
4/9/2018 8:09,KR-MRT,9,-,-
4/9/2018 8:09,LT29,12,-,-
4/9/2018 8:09,UHALL,6,-,-
4/9/2018 8:09,PGP12-OPP,10,-,-
4/9/2018 8:09,CENLIB,8,-,-
4/9/2018 8:09,STAFFCLUB-OPP,7,-,-
4/9/2018 8:09,AS7,11,-,-
4/9/2018 8:09,YIH,8,-,-
4/9/2018 8:09,BIZ2,9,-,-
4/9/2018 8:09,PGP7,10,-,-
4/9/2018 8:09,PGPT,13,-,-
4/9/2018 8:12,LT13,6,-,-
4/9/2018 8:12,COM2,8,-,-
4/9/2018 8:12,KR-MRT,13,-,-
4/9/2018 8:12,LT29,9,-,-
4/9/2018 8:12,UHALL,11,-,-
4/9/2018 8:12,PGP12-OPP,11,-,-
4/9/2018 8:12,CENLIB,4,-,-
4/9/2018 8:12,STAFFCLUB-OPP,13,-,-
4/9/2018 8:12,AS7,6,-,-
4/9/2018 8:12,YIH,20,-,-
4/9/2018 8:13,BIZ2,10,-,-
4/9/2018 8:13,PGP7,11,-,-
4/9/2018 8:13,PGPT,9,-,-
4/9/2018 8:16,LT13,11,-,-
4/9/2018 8:16,COM2,15,-,-
4/9/2018 8:16,KR-MRT,9,-,-
4/9/2018 8:16,LT29,12,-,-
4/9/2018 8:16,UHALL,14,-,-
4/9/2018 8:16,PGP12-OPP,7,-,-
4/9/2018 8:16,CENLIB,10,-,-
4/9/2018 8:16,STAFFCLUB-OPP,16,-,-
4/9/2018 8:16,AS7,13,-,-
4/9/2018 8:16,YIH,17,-,-
4/9/2018 8:16,BIZ2,6,-,-
4/9/2018 8:16,PGP7,7,-,-
4/9/2018 8:16,PGPT,6,-,-
4/9/2018 8:19,LT13,18,-,-
4/9/2018 8:19,COM2,10,-,-
4/9/2018 8:19,KR-MRT,14,-,-
4/9/2018 8:19,LT29,9,-,-
4/9/2018 8:19,UHALL,11,-,-
4/9/2018 8:19,PGP12-OPP,4,-,-
4/9/2018 8:19,CENLIB,16,-,-
4/9/2018 8:19,STAFFCLUB-OPP,13,-,-
4/9/2018 8:19,AS7,19,-,-
4/9/2018 8:19,YIH,14,-,-
4/9/2018 8:19,BIZ2,12,-,-
4/9/2018 8:19,PGP7,4,-,-
4/9/2018 8:19,PGPT,11,-,-
4/9/2018 8:22,LT13,13,-,-
4/9/2018 8:22,COM2,16,-,-
4/9/2018 8:22,KR-MRT,11,-,-
4/9/2018 8:22,LT29,14,-,-
4/9/2018 8:22,UHALL,9,-,-
4/9/2018 8:22,PGP12-OPP,10,-,-
4/9/2018 8:22,CENLIB,11,-,-
4/9/2018 8:22,STAFFCLUB-OPP,14,-,-
4/9/2018 8:23,AS7,14,-,-
4/9/2018 8:23,YIH,13,-,-
4/9/2018 8:23,BIZ2,9,-,-
4/9/2018 8:23,PGP7,10,-,-
4/9/2018 8:23,PGPT,7,-,-
4/9/2018 8:26,LT13,7,-,-
4/9/2018 8:26,COM2,9,-,-
4/9/2018 8:26,KR-MRT,14,-,-
4/9/2018 8:26,LT29,10,-,-
4/9/2018 8:26,UHALL,12,-,-
4/9/2018 8:26,PGP12-OPP,12,-,-
4/9/2018 8:26,CENLIB,5,-,-
4/9/2018 8:26,STAFFCLUB-OPP,14,-,-
4/9/2018 8:26,AS7,7,-,-
4/9/2018 8:26,YIH,15,-,-
4/9/2018 8:26,BIZ2,11,-,-
4/9/2018 8:26,PGP7,12,-,-
4/9/2018 8:26,PGPT,11,-,-
4/9/2018 8:29,LT13,14,-,-
4/9/2018 8:29,COM2,17,-,-
4/9/2018 8:29,KR-MRT,11,-,-
4/9/2018 8:29,LT29,14,-,-
4/9/2018 8:29,UHALL,10,-,-
4/9/2018 8:29,PGP12-OPP,9,-,-
4/9/2018 8:29,CENLIB,12,-,-
4/9/2018 8:29,STAFFCLUB-OPP,9,-,-
4/9/2018 8:29,AS7,15,-,-
4/9/2018 8:29,YIH,10,-,-
4/9/2018 8:29,BIZ2,9,-,-
4/9/2018 8:29,PGP7,9,-,-
4/9/2018 8:29,PGPT,8,-,-
4/9/2018 8:32,LT13,17,-,-
4/9/2018 8:32,COM2,24,-,-
4/9/2018 8:32,KR-MRT,8,-,-
4/9/2018 8:32,LT29,10,-,-
4/9/2018 8:33,UHALL,12,-,-
4/9/2018 8:33,PGP12-OPP,6,-,-
4/9/2018 8:33,CENLIB,14,-,-
4/9/2018 8:33,STAFFCLUB-OPP,14,-,-
4/9/2018 8:33,AS7,13,-,-
4/9/2018 8:33,YIH,15,-,-
4/9/2018 8:33,BIZ2,27,-,-
4/9/2018 8:33,PGP7,7,-,-
4/9/2018 8:33,PGPT,12,-,-
4/9/2018 8:36,LT13,13,-,-
4/9/2018 8:36,COM2,9,-,-
4/9/2018 8:36,KR-MRT,2,-,-
4/9/2018 8:36,LT29,6,-,-
4/9/2018 8:36,UHALL,8,-,-
4/9/2018 8:36,PGP12-OPP,13,-,-
4/9/2018 8:36,CENLIB,13,-,-
4/9/2018 8:36,STAFFCLUB-OPP,11,-,-
4/9/2018 8:36,AS7,16,-,-
4/9/2018 8:36,YIH,11,-,-
4/9/2018 8:36,BIZ2,12,-,-
4/9/2018 8:36,PGP7,14,-,-
4/9/2018 8:36,PGPT,9,-,-
4/9/2018 8:39,LT13,11,-,-
4/9/2018 8:39,COM2,16,-,-
4/9/2018 8:39,KR-MRT,9,-,-
4/9/2018 8:39,LT29,12,-,-
4/9/2018 8:39,UHALL,7,-,-
4/9/2018 8:39,PGP12-OPP,12,-,-
4/9/2018 8:39,CENLIB,11,-,-
4/9/2018 8:39,STAFFCLUB-OPP,6,-,-
4/9/2018 8:39,AS7,17,-,-
4/9/2018 8:39,YIH,10,-,-
4/9/2018 8:39,BIZ2,11,-,-
4/9/2018 8:39,PGP7,12,-,-
4/9/2018 8:39,PGPT,13,-,-
4/9/2018 8:41,LT13,8,-,-
4/9/2018 8:41,COM2,10,-,-
4/9/2018 8:41,KR-MRT,7,-,-
4/9/2018 8:41,LT29,10,-,-
4/9/2018 8:41,UHALL,12,-,-
4/9/2018 8:41,PGP12-OPP,13,-,-
4/9/2018 8:41,CENLIB,6,-,-
4/9/2018 8:41,STAFFCLUB-OPP,4,-,-
4/9/2018 8:41,AS7,8,-,-
4/9/2018 8:41,YIH,5,-,-
4/9/2018 8:41,BIZ2,13,-,-
4/9/2018 8:41,PGP7,14,-,-
4/9/2018 8:41,PGPT,11,-,-
4/9/2018 8:44,LT13,6,-,-
4/9/2018 8:44,COM2,8,-,-
4/9/2018 8:44,KR-MRT,11,-,-
4/9/2018 8:44,LT29,14,-,-
4/9/2018 8:44,UHALL,8,-,-
4/9/2018 8:45,PGP12-OPP,10,-,-
4/9/2018 8:45,CENLIB,14,-,-
4/9/2018 8:45,STAFFCLUB-OPP,10,-,-
4/9/2018 8:45,AS7,6,-,-
4/9/2018 8:45,YIH,12,-,-
4/9/2018 8:45,BIZ2,10,-,-
4/9/2018 8:45,PGP7,11,-,-
4/9/2018 8:45,PGPT,7,-,-
4/9/2018 8:48,LT13,16,-,-
4/9/2018 8:48,COM2,19,-,-
4/9/2018 8:48,KR-MRT,7,-,-
4/9/2018 8:48,LT29,10,-,-
4/9/2018 8:48,UHALL,12,-,-
4/9/2018 8:48,PGP12-OPP,8,-,-
4/9/2018 8:48,CENLIB,14,-,-
4/9/2018 8:48,STAFFCLUB-OPP,14,-,-
4/9/2018 8:48,AS7,17,-,-
4/9/2018 8:48,YIH,15,-,-
4/9/2018 8:48,BIZ2,7,-,-
4/9/2018 8:48,PGP7,8,-,-
4/9/2018 8:48,PGPT,4,-,-
4/9/2018 8:51,LT13,9,-,-
4/9/2018 8:51,COM2,11,-,-
4/9/2018 8:51,KR-MRT,2,-,-
4/9/2018 8:51,LT29,5,-,-
4/9/2018 8:51,UHALL,8,-,-
4/9/2018 8:51,PGP12-OPP,5,-,-
4/9/2018 8:51,CENLIB,14,-,-
4/9/2018 8:51,STAFFCLUB-OPP,10,-,-
4/9/2018 8:51,AS7,10,-,-
4/9/2018 8:51,YIH,12,-,-
4/9/2018 8:51,BIZ2,14,-,-
4/9/2018 8:51,PGP7,5,-,-
4/9/2018 8:51,PGPT,9,-,-
4/9/2018 8:54,LT13,22,-,-
4/9/2018 8:54,COM2,24,-,-
4/9/2018 8:54,KR-MRT,8,-,-
4/9/2018 8:55,LT29,6,-,-
4/9/2018 8:55,UHALL,11,-,-
4/9/2018 8:55,PGP12-OPP,16,-,-
4/9/2018 8:55,CENLIB,14,-,-
4/9/2018 8:55,STAFFCLUB-OPP,10,-,-
4/9/2018 8:55,AS7,21,-,-
4/9/2018 8:55,YIH,11,-,-
4/9/2018 8:55,BIZ2,15,-,-
4/9/2018 8:55,PGP7,17,-,-
4/9/2018 8:55,PGPT,12,-,-
4/9/2018 8:58,LT13,24,-,-
4/9/2018 8:58,COM2,26,-,-
4/9/2018 8:58,KR-MRT,12,-,-
4/9/2018 8:58,LT29,15,-,-
4/9/2018 8:58,UHALL,1,-,-
4/9/2018 8:58,PGP12-OPP,30,-,-
4/9/2018 8:58,CENLIB,22,-,-
4/9/2018 8:58,STAFFCLUB-OPP,19,-,-
4/9/2018 8:58,AS7,25,-,-
4/9/2018 8:58,YIH,20,-,-
4/9/2018 8:58,BIZ2,29,-,-
4/9/2018 8:58,PGP7,31,-,-
4/9/2018 8:58,PGPT,9,-,-
4/9/2018 9:01,LT13,3,-,-
4/9/2018 9:01,COM2,23,-,-
4/9/2018 9:01,KR-MRT,9,-,-
4/9/2018 9:01,LT29,12,-,-
4/9/2018 9:01,UHALL,14,-,-
4/9/2018 9:01,PGP12-OPP,27,-,-
4/9/2018 9:01,CENLIB,1,-,-
4/9/2018 9:01,STAFFCLUB-OPP,16,-,-
4/9/2018 9:01,AS7,4,-,-
4/9/2018 9:01,YIH,11,-,-
4/9/2018 9:02,BIZ2,25,-,-
4/9/2018 9:02,PGP7,27,-,-
4/9/2018 9:02,PGPT,13,-,-
4/9/2018 9:05,LT13,8,-,-
4/9/2018 9:05,COM2,2,-,-
4/9/2018 9:05,KR-MRT,13,-,-
4/9/2018 9:05,LT29,16,-,-
4/9/2018 9:05,UHALL,18,-,-
4/9/2018 9:05,PGP12-OPP,31,-,-
4/9/2018 9:05,CENLIB,23,-,-
4/9/2018 9:05,STAFFCLUB-OPP,20,-,-
4/9/2018 9:05,AS7,9,-,-
4/9/2018 9:05,YIH,21,-,-
4/9/2018 9:05,BIZ2,30,-,-
4/9/2018 9:05,PGP7,32,-,-
4/9/2018 9:05,PGPT,10,-,-
4/9/2018 9:08,LT13,18,-,-
4/9/2018 9:08,COM2,21,-,-
4/9/2018 9:08,KR-MRT,10,-,-
4/9/2018 9:08,LT29,13,-,-
4/9/2018 9:08,UHALL,15,-,-
4/9/2018 9:08,PGP12-OPP,28,-,-
4/9/2018 9:08,CENLIB,14,-,-
4/9/2018 9:08,STAFFCLUB-OPP,10,-,-
4/9/2018 9:08,AS7,18,-,-
4/9/2018 9:08,YIH,11,-,-
4/9/2018 9:08,BIZ2,1,-,-
4/9/2018 9:08,PGP7,3,-,-
4/9/2018 9:08,PGPT,7,-,-
4/9/2018 9:11,LT13,7,-,-
4/9/2018 9:11,COM2,9,-,-
4/9/2018 9:11,KR-MRT,14,-,-
4/9/2018 9:11,LT29,10,-,-
4/9/2018 9:11,UHALL,12,-,-
4/9/2018 9:11,PGP12-OPP,12,-,-
4/9/2018 9:11,CENLIB,17,-,-
4/9/2018 9:11,STAFFCLUB-OPP,13,-,-
4/9/2018 9:12,AS7,8,-,-
4/9/2018 9:12,YIH,14,-,-
4/9/2018 9:12,BIZ2,12,-,-
4/9/2018 9:12,PGP7,12,-,-
4/9/2018 9:12,PGPT,10,-,-
4/9/2018 9:15,LT13,16,-,-
4/9/2018 9:15,COM2,6,-,-
4/9/2018 9:15,KR-MRT,10,-,-
4/9/2018 9:15,LT29,13,-,-
4/9/2018 9:15,UHALL,8,-,-
4/9/2018 9:15,PGP12-OPP,10,-,-
4/9/2018 9:15,CENLIB,14,-,-
4/9/2018 9:15,STAFFCLUB-OPP,10,-,-
4/9/2018 9:15,AS7,17,-,-
4/9/2018 9:15,YIH,11,-,-
4/9/2018 9:15,BIZ2,9,-,-
4/9/2018 9:15,PGP7,9,-,-
4/9/2018 9:15,PGPT,7,-,-
4/9/2018 9:18,LT13,16,-,-
4/9/2018 9:18,COM2,20,-,-
4/9/2018 9:18,KR-MRT,7,-,-
4/9/2018 9:18,LT29,10,-,-
4/9/2018 9:18,UHALL,12,-,-
4/9/2018 9:18,PGP12-OPP,7,-,-
4/9/2018 9:18,CENLIB,11,-,-
4/9/2018 9:18,STAFFCLUB-OPP,14,-,-
4/9/2018 9:18,AS7,15,-,-
4/9/2018 9:18,YIH,15,-,-
4/9/2018 9:18,BIZ2,21,-,-
4/9/2018 9:18,PGP7,7,-,-
4/9/2018 9:18,PGPT,12,-,-
4/9/2018 9:21,LT13,13,-,-
4/9/2018 9:21,COM2,19,-,-
4/9/2018 9:21,KR-MRT,12,-,-
4/9/2018 9:21,LT29,5,-,-
4/9/2018 9:22,UHALL,8,-,-
4/9/2018 9:22,PGP12-OPP,14,-,-
4/9/2018 9:22,CENLIB,13,-,-
4/9/2018 9:22,STAFFCLUB-OPP,8,-,-
4/9/2018 9:22,AS7,16,-,-
4/9/2018 9:22,YIH,11,-,-
4/9/2018 9:22,BIZ2,13,-,-
4/9/2018 9:22,PGP7,14,-,-
4/9/2018 9:22,PGPT,8,-,-
4/9/2018 9:25,LT13,15,-,-
4/9/2018 9:25,COM2,20,-,-
4/9/2018 9:25,KR-MRT,8,-,-
4/9/2018 9:25,LT29,11,-,-
4/9/2018 9:25,UHALL,7,-,-
4/9/2018 9:25,PGP12-OPP,29,-,-
4/9/2018 9:25,CENLIB,11,-,-
4/9/2018 9:25,STAFFCLUB-OPP,9,-,-
4/9/2018 9:25,AS7,14,-,-
4/9/2018 9:25,YIH,11,-,-
4/9/2018 9:25,BIZ2,20,-,-
4/9/2018 9:25,PGP7,21,-,-
4/9/2018 9:25,PGPT,12,-,-
4/9/2018 9:28,LT13,8,-,-
4/9/2018 9:28,COM2,9,-,-
4/9/2018 9:28,KR-MRT,12,-,-
4/9/2018 9:28,LT29,15,-,-
4/9/2018 9:28,UHALL,17,-,-
4/9/2018 9:28,PGP12-OPP,13,-,-
4/9/2018 9:28,CENLIB,8,-,-
4/9/2018 9:28,STAFFCLUB-OPP,6,-,-
4/9/2018 9:28,AS7,8,-,-
4/9/2018 9:28,YIH,7,-,-
4/9/2018 9:28,BIZ2,12,-,-
4/9/2018 9:28,PGP7,13,-,-
4/9/2018 9:28,PGPT,9,-,-
4/9/2018 9:31,LT13,10,-,-
4/9/2018 9:31,COM2,9,-,-
4/9/2018 9:32,KR-MRT,8,-,-
4/9/2018 9:32,LT29,11,-,-
4/9/2018 9:32,UHALL,13,-,-
4/9/2018 9:32,PGP12-OPP,9,-,-
4/9/2018 9:32,CENLIB,4,-,-
4/9/2018 9:32,STAFFCLUB-OPP,3,-,-
4/9/2018 9:32,AS7,10,-,-
4/9/2018 9:32,YIH,3,-,-
4/9/2018 9:32,BIZ2,8,-,-
4/9/2018 9:32,PGP7,9,-,-
4/9/2018 9:32,PGPT,13,-,-
4/9/2018 9:35,LT13,6,-,-
4/9/2018 9:35,COM2,8,-,-
4/9/2018 9:35,KR-MRT,13,-,-
4/9/2018 9:35,LT29,16,-,-
4/9/2018 9:35,UHALL,18,-,-
4/9/2018 9:35,PGP12-OPP,10,-,-
4/9/2018 9:35,CENLIB,3,-,-
4/9/2018 9:35,STAFFCLUB-OPP,20,-,-
4/9/2018 9:35,AS7,6,-,-
4/9/2018 9:35,YIH,21,-,-
4/9/2018 9:35,BIZ2,8,-,-
4/9/2018 9:35,PGP7,10,-,-
4/9/2018 9:35,PGPT,10,-,-
4/9/2018 9:38,LT13,18,-,-
4/9/2018 9:38,COM2,21,-,-
4/9/2018 9:38,KR-MRT,10,-,-
4/9/2018 9:38,LT29,13,-,-
4/9/2018 9:38,UHALL,15,-,-
4/9/2018 9:38,PGP12-OPP,7,-,-
4/9/2018 9:39,CENLIB,15,-,-
4/9/2018 9:39,STAFFCLUB-OPP,16,-,-
4/9/2018 9:39,AS7,19,-,-
4/9/2018 9:39,YIH,14,-,-
4/9/2018 9:39,BIZ2,6,-,-
4/9/2018 9:39,PGP7,7,-,-
4/9/2018 9:39,PGPT,13,-,-
4/9/2018 9:42,LT13,7,-,-
4/9/2018 9:42,COM2,9,-,-
4/9/2018 9:42,KR-MRT,13,-,-
4/9/2018 9:42,LT29,9,-,-
4/9/2018 9:42,UHALL,11,-,-
4/9/2018 9:42,PGP12-OPP,4,-,-
4/9/2018 9:42,CENLIB,16,-,-
4/9/2018 9:42,STAFFCLUB-OPP,13,-,-
4/9/2018 9:42,AS7,8,-,-
4/9/2018 9:42,YIH,14,-,-
4/9/2018 9:42,BIZ2,11,-,-
4/9/2018 9:42,PGP7,5,-,-
4/9/2018 9:42,PGPT,10,-,-
4/9/2018 9:45,LT13,17,-,-
4/9/2018 9:45,COM2,20,-,-
4/9/2018 9:45,KR-MRT,10,-,-
4/9/2018 9:45,LT29,13,-,-
4/9/2018 9:45,UHALL,9,-,-
4/9/2018 9:45,PGP12-OPP,11,-,-
4/9/2018 9:45,CENLIB,15,-,-
4/9/2018 9:45,STAFFCLUB-OPP,11,-,-
4/9/2018 9:45,AS7,18,-,-
4/9/2018 9:46,YIH,12,-,-
4/9/2018 9:46,BIZ2,10,-,-
4/9/2018 9:46,PGP7,11,-,-
4/9/2018 9:46,PGPT,6,-,-
4/9/2018 9:49,LT13,9,-,-
4/9/2018 9:49,COM2,10,-,-
4/9/2018 9:49,KR-MRT,6,-,-
4/9/2018 9:49,LT29,9,-,-
4/9/2018 9:49,UHALL,11,-,-
4/9/2018 9:49,PGP12-OPP,14,-,-
4/9/2018 9:49,CENLIB,16,-,-
4/9/2018 9:49,STAFFCLUB-OPP,13,-,-
4/9/2018 9:49,AS7,9,-,-
4/9/2018 9:49,YIH,14,-,-
4/9/2018 9:49,BIZ2,14,-,-
4/9/2018 9:49,PGP7,14,-,-
4/9/2018 9:49,PGPT,11,-,-
4/9/2018 9:52,LT13,15,-,-
4/9/2018 9:52,COM2,11,-,-
4/9/2018 9:52,KR-MRT,11,-,-
4/9/2018 9:52,LT29,4,-,-
4/9/2018 9:52,UHALL,7,-,-
4/9/2018 9:52,PGP12-OPP,15,-,-
4/9/2018 9:52,CENLIB,13,-,-
4/9/2018 9:52,STAFFCLUB-OPP,9,-,-
4/9/2018 9:52,AS7,10,-,-
4/9/2018 9:52,YIH,11,-,-
4/9/2018 9:52,BIZ2,14,-,-
4/9/2018 9:53,PGP7,15,-,-
4/9/2018 9:53,PGPT,7,-,-
4/9/2018 9:56,LT13,7,-,-
4/9/2018 9:56,COM2,21,-,-
4/9/2018 9:56,KR-MRT,17,-,-
4/9/2018 9:56,LT29,10,-,-
4/9/2018 9:56,UHALL,2,-,-
4/9/2018 9:56,PGP12-OPP,12,-,-
4/9/2018 9:56,CENLIB,5,-,-
4/9/2018 9:56,STAFFCLUB-OPP,3,-,-
4/9/2018 9:56,AS7,20,-,-
4/9/2018 9:56,YIH,4,-,-
4/9/2018 9:56,BIZ2,11,-,-
4/9/2018 9:56,PGP7,12,-,-
4/9/2018 9:56,PGPT,14,-,-
4/9/2018 9:59,LT13,26,-,-
4/9/2018 9:59,COM2,28,-,-
4/9/2018 9:59,KR-MRT,14,-,-
4/9/2018 9:59,LT29,17,-,-
4/9/2018 9:59,UHALL,19,-,-
4/9/2018 9:59,PGP12-OPP,32,-,-
4/9/2018 9:59,CENLIB,2,-,-
4/9/2018 9:59,STAFFCLUB-OPP,12,-,-
4/9/2018 9:59,AS7,27,-,-
4/9/2018 9:59,YIH,13,-,-
4/9/2018 9:59,BIZ2,31,-,-
4/9/2018 9:59,PGP7,33,-,-
4/9/2018 9:59,PGPT,11,-,-
4/9/2018 10:02,LT13,10,-,-
4/9/2018 10:02,COM2,3,-,-
4/9/2018 10:02,KR-MRT,20,-,-
4/9/2018 10:03,LT29,13,-,-
4/9/2018 10:03,UHALL,15,-,-
4/9/2018 10:03,PGP12-OPP,28,-,-
4/9/2018 10:03,CENLIB,20,-,-
4/9/2018 10:03,STAFFCLUB-OPP,17,-,-
4/9/2018 10:03,AS7,1,-,-
4/9/2018 10:03,YIH,18,-,-
4/9/2018 10:03,BIZ2,27,-,-
4/9/2018 10:03,PGP7,29,-,-
4/9/2018 10:03,PGPT,17,-,-
4/9/2018 10:06,LT13,19,-,-
4/9/2018 10:06,COM2,5,-,-
4/9/2018 10:06,KR-MRT,17,-,-
4/9/2018 10:06,LT29,20,-,-
4/9/2018 10:06,UHALL,12,-,-
4/9/2018 10:06,PGP12-OPP,3,-,-
4/9/2018 10:06,CENLIB,17,-,-
4/9/2018 10:06,STAFFCLUB-OPP,14,-,-
4/9/2018 10:06,AS7,20,-,-
4/9/2018 10:06,YIH,15,-,-
4/9/2018 10:06,BIZ2,2,-,-
4/9/2018 10:06,PGP7,26,-,-
4/9/2018 10:06,PGPT,14,-,-
4/9/2018 10:09,LT13,26,-,-
4/9/2018 10:09,COM2,28,-,-
4/9/2018 10:09,KR-MRT,14,-,-
4/9/2018 10:09,LT29,17,-,-
4/9/2018 10:09,UHALL,19,-,-
4/9/2018 10:09,PGP12-OPP,32,-,-
4/9/2018 10:09,CENLIB,24,-,-
4/9/2018 10:09,STAFFCLUB-OPP,20,-,-
4/9/2018 10:10,AS7,26,-,-
4/9/2018 10:10,YIH,21,-,-
4/9/2018 10:10,BIZ2,13,-,-
4/9/2018 10:10,PGP7,24,-,-
4/9/2018 10:10,PGPT,10,-,-
4/9/2018 10:13,LT13,22,-,-
4/9/2018 10:13,COM2,19,-,-
4/9/2018 10:13,KR-MRT,10,-,-
4/9/2018 10:13,LT29,13,-,-
4/9/2018 10:13,UHALL,15,-,-
4/9/2018 10:13,PGP12-OPP,24,-,-
4/9/2018 10:13,CENLIB,20,-,-
4/9/2018 10:13,STAFFCLUB-OPP,17,-,-
4/9/2018 10:13,AS7,23,-,-
4/9/2018 10:13,YIH,18,-,-
4/9/2018 10:13,BIZ2,23,-,-
4/9/2018 10:13,PGP7,21,-,-
4/9/2018 10:13,PGPT,17,-,-
4/9/2018 10:16,LT13,19,-,-
4/9/2018 10:16,COM2,21,-,-
4/9/2018 10:16,KR-MRT,17,-,-
4/9/2018 10:16,LT29,20,-,-
4/9/2018 10:16,UHALL,12,-,-
4/9/2018 10:16,PGP12-OPP,9,-,-
4/9/2018 10:16,CENLIB,17,-,-
4/9/2018 10:16,STAFFCLUB-OPP,14,-,-
4/9/2018 10:16,AS7,20,-,-
4/9/2018 10:16,YIH,15,-,-
4/9/2018 10:16,BIZ2,24,-,-
4/9/2018 10:16,PGP7,10,-,-
4/9/2018 10:16,PGPT,14,-,-
4/9/2018 10:19,LT13,15,-,-
4/9/2018 10:19,COM2,19,-,-
4/9/2018 10:19,KR-MRT,14,-,-
4/9/2018 10:19,LT29,17,-,-
4/9/2018 10:19,UHALL,19,-,-
4/9/2018 10:19,PGP12-OPP,25,-,-
4/9/2018 10:20,CENLIB,12,-,-
4/9/2018 10:20,STAFFCLUB-OPP,20,-,-
4/9/2018 10:20,AS7,16,-,-
4/9/2018 10:20,YIH,21,-,-
4/9/2018 10:20,BIZ2,23,-,-
4/9/2018 10:20,PGP7,25,-,-
4/9/2018 10:20,PGPT,10,-,-
4/9/2018 10:23,LT13,22,-,-
4/9/2018 10:23,COM2,18,-,-
4/9/2018 10:23,KR-MRT,10,-,-
4/9/2018 10:23,LT29,13,-,-
4/9/2018 10:23,UHALL,15,-,-
4/9/2018 10:23,PGP12-OPP,23,-,-
4/9/2018 10:23,CENLIB,20,-,-
4/9/2018 10:23,STAFFCLUB-OPP,17,-,-
4/9/2018 10:23,AS7,23,-,-
4/9/2018 10:23,YIH,18,-,-
4/9/2018 10:23,BIZ2,15,-,-
4/9/2018 10:23,PGP7,16,-,-
4/9/2018 10:23,PGPT,17,-,-
4/9/2018 10:26,LT13,19,-,-
4/9/2018 10:26,COM2,21,-,-
4/9/2018 10:26,KR-MRT,17,-,-
4/9/2018 10:26,LT29,10,-,-
4/9/2018 10:26,UHALL,12,-,-
4/9/2018 10:26,PGP12-OPP,10,-,-
4/9/2018 10:26,CENLIB,17,-,-
4/9/2018 10:26,STAFFCLUB-OPP,14,-,-
4/9/2018 10:26,AS7,20,-,-
4/9/2018 10:26,YIH,15,-,-
4/9/2018 10:26,BIZ2,10,-,-
4/9/2018 10:26,PGP7,11,-,-
4/9/2018 10:26,PGPT,14,-,-
4/9/2018 10:29,LT13,12,-,-
4/9/2018 10:29,COM2,15,-,-
4/9/2018 10:29,KR-MRT,14,-,-
4/9/2018 10:29,LT29,17,-,-
4/9/2018 10:29,UHALL,19,-,-
4/9/2018 10:30,PGP12-OPP,21,-,-
4/9/2018 10:30,CENLIB,10,-,-
4/9/2018 10:30,STAFFCLUB-OPP,20,-,-
4/9/2018 10:30,AS7,13,-,-
4/9/2018 10:30,YIH,8,-,-
4/9/2018 10:30,BIZ2,18,-,-
4/9/2018 10:30,PGP7,19,-,-
4/9/2018 10:30,PGPT,10,-,-
4/9/2018 10:33,LT13,7,-,-
4/9/2018 10:33,COM2,8,-,-
4/9/2018 10:33,KR-MRT,20,-,-
4/9/2018 10:33,LT29,13,-,-
4/9/2018 10:33,UHALL,15,-,-
4/9/2018 10:33,PGP12-OPP,12,-,-
4/9/2018 10:33,CENLIB,20,-,-
4/9/2018 10:33,STAFFCLUB-OPP,17,-,-
4/9/2018 10:33,AS7,7,-,-
4/9/2018 10:33,YIH,18,-,-
4/9/2018 10:33,BIZ2,10,-,-
4/9/2018 10:33,PGP7,11,-,-
4/9/2018 10:33,PGPT,17,-,-
4/9/2018 10:36,LT13,19,-,-
4/9/2018 10:36,COM2,21,-,-
4/9/2018 10:36,KR-MRT,17,-,-
4/9/2018 10:36,LT29,20,-,-
4/9/2018 10:36,UHALL,22,-,-
4/9/2018 10:36,PGP12-OPP,7,-,-
4/9/2018 10:36,CENLIB,17,-,-
4/9/2018 10:36,STAFFCLUB-OPP,14,-,-
4/9/2018 10:36,AS7,20,-,-
4/9/2018 10:36,YIH,15,-,-
4/9/2018 10:36,BIZ2,6,-,-
4/9/2018 10:36,PGP7,7,-,-
4/9/2018 10:36,PGPT,14,-,-
4/9/2018 10:39,LT13,13,-,-
4/9/2018 10:39,COM2,19,-,-
4/9/2018 10:39,KR-MRT,14,-,-
4/9/2018 10:39,LT29,17,-,-
4/9/2018 10:39,UHALL,18,-,-
4/9/2018 10:40,PGP12-OPP,25,-,-
4/9/2018 10:40,CENLIB,23,-,-
4/9/2018 10:40,STAFFCLUB-OPP,20,-,-
4/9/2018 10:40,AS7,17,-,-
4/9/2018 10:40,YIH,21,-,-
4/9/2018 10:40,BIZ2,23,-,-
4/9/2018 10:40,PGP7,25,-,-
4/9/2018 10:40,PGPT,10,-,-
4/9/2018 10:43,LT13,22,-,-
4/9/2018 10:43,COM2,24,-,-
4/9/2018 10:43,KR-MRT,10,-,-
4/9/2018 10:43,LT29,13,-,-
4/9/2018 10:43,UHALL,15,-,-
4/9/2018 10:43,PGP12-OPP,21,-,-
4/9/2018 10:43,CENLIB,20,-,-
4/9/2018 10:43,STAFFCLUB-OPP,17,-,-
4/9/2018 10:43,AS7,23,-,-
4/9/2018 10:43,YIH,18,-,-
4/9/2018 10:43,BIZ2,20,-,-
4/9/2018 10:43,PGP7,21,-,-
4/9/2018 10:43,PGPT,17,-,-
4/9/2018 10:46,LT13,19,-,-
4/9/2018 10:46,COM2,21,-,-
4/9/2018 10:46,KR-MRT,17,-,-
4/9/2018 10:46,LT29,20,-,-
4/9/2018 10:46,UHALL,12,-,-
4/9/2018 10:46,PGP12-OPP,25,-,-
4/9/2018 10:46,CENLIB,17,-,-
4/9/2018 10:46,STAFFCLUB-OPP,14,-,-
4/9/2018 10:46,AS7,20,-,-
4/9/2018 10:46,YIH,15,-,-
4/9/2018 10:46,BIZ2,24,-,-
4/9/2018 10:46,PGP7,26,-,-
4/9/2018 10:46,PGPT,14,-,-
4/9/2018 10:49,LT13,11,-,-
4/9/2018 10:49,COM2,16,-,-
4/9/2018 10:49,KR-MRT,14,-,-
4/9/2018 10:49,LT29,17,-,-
4/9/2018 10:50,UHALL,18,-,-
4/9/2018 10:50,PGP12-OPP,22,-,-
4/9/2018 10:50,CENLIB,11,-,-
4/9/2018 10:50,STAFFCLUB-OPP,20,-,-
4/9/2018 10:50,AS7,14,-,-
4/9/2018 10:50,YIH,21,-,-
4/9/2018 10:50,BIZ2,20,-,-
4/9/2018 10:50,PGP7,22,-,-
4/9/2018 10:50,PGPT,10,-,-
4/9/2018 10:53,LT13,22,-,-
4/9/2018 10:53,COM2,16,-,-
4/9/2018 10:53,KR-MRT,10,-,-
4/9/2018 10:53,LT29,13,-,-
4/9/2018 10:53,UHALL,15,-,-
4/9/2018 10:53,PGP12-OPP,19,-,-
4/9/2018 10:53,CENLIB,20,-,-
4/9/2018 10:53,STAFFCLUB-OPP,17,-,-
4/9/2018 10:53,AS7,23,-,-
4/9/2018 10:53,YIH,18,-,-
4/9/2018 10:53,BIZ2,13,-,-
4/9/2018 10:53,PGP7,14,-,-
4/9/2018 10:53,PGPT,17,-,-
4/9/2018 10:56,LT13,19,-,-
4/9/2018 10:56,COM2,21,-,-
4/9/2018 10:56,KR-MRT,17,-,-
4/9/2018 10:56,LT29,10,-,-
4/9/2018 10:56,UHALL,12,-,-
4/9/2018 10:56,PGP12-OPP,9,-,-
4/9/2018 10:56,CENLIB,17,-,-
4/9/2018 10:56,STAFFCLUB-OPP,14,-,-
4/9/2018 10:56,AS7,20,-,-
4/9/2018 10:56,YIH,15,-,-
4/9/2018 10:56,BIZ2,24,-,-
4/9/2018 10:56,PGP7,10,-,-
4/9/2018 10:56,PGPT,14,-,-
4/9/2018 10:59,LT13,12,-,-
4/9/2018 10:59,COM2,17,-,-
4/9/2018 10:59,KR-MRT,13,-,-
4/9/2018 11:00,LT29,16,-,-
4/9/2018 11:00,UHALL,18,-,-
4/9/2018 11:00,PGP12-OPP,22,-,-
4/9/2018 11:00,CENLIB,12,-,-
4/9/2018 11:00,STAFFCLUB-OPP,20,-,-
4/9/2018 11:00,AS7,15,-,-
4/9/2018 11:00,YIH,10,-,-
4/9/2018 11:00,BIZ2,21,-,-
4/9/2018 11:00,PGP7,23,-,-
4/9/2018 11:00,PGPT,10,-,-
4/9/2018 11:03,LT13,9,-,-
4/9/2018 11:03,COM2,15,-,-
4/9/2018 11:03,KR-MRT,20,-,-
4/9/2018 11:03,LT29,13,-,-
4/9/2018 11:03,UHALL,15,-,-
4/9/2018 11:03,PGP12-OPP,14,-,-
4/9/2018 11:03,CENLIB,20,-,-
4/9/2018 11:03,STAFFCLUB-OPP,17,-,-
4/9/2018 11:03,AS7,7,-,-
4/9/2018 11:03,YIH,18,-,-
4/9/2018 11:03,BIZ2,11,-,-
4/9/2018 11:03,PGP7,12,-,-
4/9/2018 11:03,PGPT,17,-,-
4/9/2018 11:06,LT13,19,-,-
4/9/2018 11:06,COM2,21,-,-
4/9/2018 11:06,KR-MRT,17,-,-
4/9/2018 11:06,LT29,20,-,-
4/9/2018 11:06,UHALL,12,-,-
4/9/2018 11:06,PGP12-OPP,8,-,-
4/9/2018 11:06,CENLIB,17,-,-
4/9/2018 11:06,STAFFCLUB-OPP,14,-,-
4/9/2018 11:06,AS7,20,-,-
4/9/2018 11:06,YIH,15,-,-
4/9/2018 11:06,BIZ2,8,-,-
4/9/2018 11:06,PGP7,9,-,-
4/9/2018 11:06,PGPT,14,-,-
4/9/2018 11:09,LT13,26,-,-
4/9/2018 11:09,COM2,28,-,-
4/9/2018 11:09,KR-MRT,13,-,-
4/9/2018 11:10,LT29,16,-,-
4/9/2018 11:10,UHALL,18,-,-
4/9/2018 11:10,PGP12-OPP,31,-,-
4/9/2018 11:10,CENLIB,23,-,-
4/9/2018 11:10,STAFFCLUB-OPP,20,-,-
4/9/2018 11:10,AS7,26,-,-
4/9/2018 11:10,YIH,21,-,-
4/9/2018 11:10,BIZ2,13,-,-
4/9/2018 11:10,PGP7,13,-,-
4/9/2018 11:10,PGPT,10,-,-
4/9/2018 11:13,LT13,22,-,-
4/9/2018 11:13,COM2,17,-,-
4/9/2018 11:13,KR-MRT,10,-,-
4/9/2018 11:13,LT29,13,-,-
4/9/2018 11:13,UHALL,15,-,-
4/9/2018 11:13,PGP12-OPP,25,-,-
4/9/2018 11:13,CENLIB,20,-,-
4/9/2018 11:13,STAFFCLUB-OPP,17,-,-
4/9/2018 11:13,AS7,23,-,-
4/9/2018 11:13,YIH,18,-,-
4/9/2018 11:13,BIZ2,23,-,-
4/9/2018 11:13,PGP7,19,-,-
4/9/2018 11:13,PGPT,17,-,-
4/9/2018 11:16,LT13,19,-,-
4/9/2018 11:16,COM2,21,-,-
4/9/2018 11:16,KR-MRT,17,-,-
4/9/2018 11:16,LT29,10,-,-
4/9/2018 11:16,UHALL,12,-,-
4/9/2018 11:16,PGP12-OPP,11,-,-
4/9/2018 11:16,CENLIB,17,-,-
4/9/2018 11:16,STAFFCLUB-OPP,14,-,-
4/9/2018 11:16,AS7,20,-,-
4/9/2018 11:16,YIH,15,-,-
4/9/2018 11:16,BIZ2,24,-,-
4/9/2018 11:16,PGP7,11,-,-
4/9/2018 11:16,PGPT,13,-,-
4/9/2018 11:20,LT13,12,-,-
4/9/2018 11:20,COM2,18,-,-
4/9/2018 11:20,KR-MRT,13,-,-
4/9/2018 11:20,LT29,16,-,-
4/9/2018 11:20,UHALL,18,-,-
4/9/2018 11:20,PGP12-OPP,22,-,-
4/9/2018 11:20,CENLIB,12,-,-
4/9/2018 11:20,STAFFCLUB-OPP,20,-,-
4/9/2018 11:20,AS7,15,-,-
4/9/2018 11:20,YIH,10,-,-
4/9/2018 11:20,BIZ2,21,-,-
4/9/2018 11:20,PGP7,20,-,-
4/9/2018 11:20,PGPT,10,-,-
4/9/2018 11:23,LT13,14,-,-
4/9/2018 11:23,COM2,19,-,-
4/9/2018 11:23,KR-MRT,10,-,-
4/9/2018 11:23,LT29,13,-,-
4/9/2018 11:23,UHALL,15,-,-
4/9/2018 11:23,PGP12-OPP,16,-,-
4/9/2018 11:23,CENLIB,20,-,-
4/9/2018 11:23,STAFFCLUB-OPP,17,-,-
4/9/2018 11:23,AS7,10,-,-
4/9/2018 11:23,YIH,18,-,-
4/9/2018 11:23,BIZ2,14,-,-
4/9/2018 11:23,PGP7,14,-,-
4/9/2018 11:23,PGPT,14,-,-
4/9/2018 11:26,LT13,19,-,-
4/9/2018 11:26,COM2,7,-,-
4/9/2018 11:26,KR-MRT,14,-,-
4/9/2018 11:26,LT29,17,-,-
4/9/2018 11:26,UHALL,12,-,-
4/9/2018 11:26,PGP12-OPP,10,-,-
4/9/2018 11:26,CENLIB,17,-,-
4/9/2018 11:26,STAFFCLUB-OPP,14,-,-
4/9/2018 11:26,AS7,20,-,-
4/9/2018 11:26,YIH,15,-,-
4/9/2018 11:26,BIZ2,10,-,-
4/9/2018 11:26,PGP7,10,-,-
4/9/2018 11:26,PGPT,11,-,-
4/9/2018 11:29,LT13,12,-,-
4/9/2018 11:30,COM2,18,-,-
4/9/2018 11:30,KR-MRT,10,-,-
4/9/2018 11:30,LT29,13,-,-
4/9/2018 11:30,UHALL,15,-,-
4/9/2018 11:30,PGP12-OPP,7,-,-
4/9/2018 11:30,CENLIB,12,-,-
4/9/2018 11:30,STAFFCLUB-OPP,17,-,-
4/9/2018 11:30,AS7,15,-,-
4/9/2018 11:30,YIH,10,-,-
4/9/2018 11:30,BIZ2,22,-,-
4/9/2018 11:30,PGP7,8,-,-
4/9/2018 11:30,PGPT,7,-,-
4/9/2018 11:33,LT13,13,-,-
4/9/2018 11:33,COM2,15,-,-
4/9/2018 11:33,KR-MRT,15,-,-
4/9/2018 11:33,LT29,10,-,-
4/9/2018 11:33,UHALL,12,-,-
4/9/2018 11:33,PGP12-OPP,17,-,-
4/9/2018 11:33,CENLIB,17,-,-
4/9/2018 11:33,STAFFCLUB-OPP,14,-,-
4/9/2018 11:33,AS7,8,-,-
4/9/2018 11:33,YIH,15,-,-
4/9/2018 11:33,BIZ2,13,-,-
4/9/2018 11:33,PGP7,14,-,-
4/9/2018 11:33,PGPT,12,-,-
4/9/2018 11:36,LT13,13,-,-
4/9/2018 11:36,COM2,19,-,-
4/9/2018 11:36,KR-MRT,12,-,-
4/9/2018 11:36,LT29,15,-,-
4/9/2018 11:36,UHALL,7,-,-
4/9/2018 11:36,PGP12-OPP,11,-,-
4/9/2018 11:36,CENLIB,13,-,-
4/9/2018 11:36,STAFFCLUB-OPP,7,-,-
4/9/2018 11:37,AS7,16,-,-
4/9/2018 11:37,YIH,10,-,-
4/9/2018 11:37,BIZ2,10,-,-
4/9/2018 11:37,PGP7,11,-,-
4/9/2018 11:37,PGPT,8,-,-
4/9/2018 11:40,LT13,14,-,-
4/9/2018 11:40,COM2,20,-,-
4/9/2018 11:40,KR-MRT,8,-,-
4/9/2018 11:40,LT29,11,-,-
4/9/2018 11:40,UHALL,13,-,-
4/9/2018 11:40,PGP12-OPP,21,-,-
4/9/2018 11:40,CENLIB,13,-,-
4/9/2018 11:40,STAFFCLUB-OPP,15,-,-
4/9/2018 11:40,AS7,11,-,-
4/9/2018 11:40,YIH,7,-,-
4/9/2018 11:40,BIZ2,15,-,-
4/9/2018 11:40,PGP7,17,-,-
4/9/2018 11:40,PGPT,12,-,-
4/9/2018 11:43,LT13,6,-,-
4/9/2018 11:43,COM2,8,-,-
4/9/2018 11:43,KR-MRT,12,-,-
4/9/2018 11:43,LT29,15,-,-
4/9/2018 11:43,UHALL,null,null,null
4/9/2018 11:45,PGP12-OPP,10,-,-
4/9/2018 11:45,CENLIB,13,-,-
4/9/2018 11:46,STAFFCLUB-OPP,7,-,-
4/9/2018 11:46,AS7,17,-,-
4/9/2018 11:46,YIH,12,-,-
4/9/2018 11:46,BIZ2,10,-,-
4/9/2018 11:46,PGP7,11,-,-
4/9/2018 11:46,PGPT,6,-,-
4/9/2018 11:49,LT13,7,-,-
4/9/2018 11:49,COM2,9,-,-
4/9/2018 11:49,KR-MRT,14,-,-
4/9/2018 11:49,LT29,9,-,-
4/9/2018 11:49,UHALL,11,-,-
4/9/2018 11:49,PGP12-OPP,7,-,-
4/9/2018 11:49,CENLIB,6,-,-
4/9/2018 11:49,STAFFCLUB-OPP,13,-,-
4/9/2018 11:49,AS7,8,-,-
4/9/2018 11:49,YIH,14,-,-
4/9/2018 11:49,BIZ2,6,-,-
4/9/2018 11:49,PGP7,7,-,-
4/9/2018 11:49,PGPT,11,-,-
4/9/2018 11:52,LT13,17,-,-
4/9/2018 11:52,COM2,8,-,-
4/9/2018 11:52,KR-MRT,11,-,-
4/9/2018 11:52,LT29,14,-,-
4/9/2018 11:52,UHALL,8,-,-
4/9/2018 11:52,PGP12-OPP,11,-,-
4/9/2018 11:52,CENLIB,15,-,-
4/9/2018 11:53,STAFFCLUB-OPP,10,-,-
4/9/2018 11:53,AS7,19,-,-
4/9/2018 11:53,YIH,12,-,-
4/9/2018 11:53,BIZ2,11,-,-
4/9/2018 11:53,PGP7,12,-,-
4/9/2018 11:53,PGPT,7,-,-
4/9/2018 11:56,LT13,10,-,-
4/9/2018 11:56,COM2,12,-,-
4/9/2018 11:56,KR-MRT,7,-,-
4/9/2018 11:56,LT29,10,-,-
4/9/2018 11:56,UHALL,12,-,-
4/9/2018 11:56,PGP12-OPP,7,-,-
4/9/2018 11:56,CENLIB,9,-,-
4/9/2018 11:56,STAFFCLUB-OPP,14,-,-
4/9/2018 11:56,AS7,11,-,-
4/9/2018 11:56,YIH,15,-,-
4/9/2018 11:56,BIZ2,16,-,-
4/9/2018 11:56,PGP7,8,-,-
4/9/2018 11:56,PGPT,11,-,-
4/9/2018 11:59,LT13,17,-,-
4/9/2018 11:59,COM2,9,-,-
4/9/2018 11:59,KR-MRT,11,-,-
4/9/2018 11:59,LT29,5,-,-
4/9/2018 11:59,UHALL,9,-,-
4/9/2018 11:59,PGP12-OPP,13,-,-
4/9/2018 11:59,CENLIB,14,-,-
4/9/2018 11:59,STAFFCLUB-OPP,11,-,-
4/9/2018 11:59,AS7,8,-,-
4/9/2018 11:59,YIH,12,-,-
4/9/2018 11:59,BIZ2,12,-,-
4/9/2018 11:59,PGP7,13,-,-
4/9/2018 11:59,PGPT,8,-,-
4/9/2018 12:02,LT13,20,-,-
4/9/2018 12:02,COM2,10,-,-
4/9/2018 12:02,KR-MRT,8,-,-
4/9/2018 12:02,LT29,11,-,-
4/9/2018 12:02,UHALL,1,-,-
4/9/2018 12:03,PGP12-OPP,11,-,-
4/9/2018 12:03,CENLIB,17,-,-
4/9/2018 12:03,STAFFCLUB-OPP,3,-,-
4/9/2018 12:03,AS7,20,-,-
4/9/2018 12:03,YIH,3,-,-
4/9/2018 12:03,BIZ2,10,-,-
4/9/2018 12:03,PGP7,12,-,-
4/9/2018 12:03,PGPT,12,-,-
4/9/2018 12:06,LT13,6,-,-
4/9/2018 12:06,COM2,8,-,-
4/9/2018 12:06,KR-MRT,12,-,-
4/9/2018 12:06,LT29,5,-,-
4/9/2018 12:06,UHALL,9,-,-
4/9/2018 12:06,PGP12-OPP,11,-,-
4/9/2018 12:06,CENLIB,15,-,-
4/9/2018 12:06,STAFFCLUB-OPP,11,-,-
4/9/2018 12:06,AS7,7,-,-
4/9/2018 12:06,YIH,12,-,-
4/9/2018 12:06,BIZ2,11,-,-
4/9/2018 12:06,PGP7,12,-,-
4/9/2018 12:06,PGPT,9,-,-
4/9/2018 12:09,LT13,17,-,-
4/9/2018 12:09,COM2,5,-,-
4/9/2018 12:09,KR-MRT,9,-,-
4/9/2018 12:09,LT29,12,-,-
4/9/2018 12:09,UHALL,14,-,-
4/9/2018 12:09,PGP12-OPP,8,-,-
4/9/2018 12:09,CENLIB,11,-,-
4/9/2018 12:09,STAFFCLUB-OPP,16,-,-
4/9/2018 12:09,AS7,15,-,-
4/9/2018 12:09,YIH,10,-,-
4/9/2018 12:09,BIZ2,7,-,-
4/9/2018 12:09,PGP7,9,-,-
4/9/2018 12:09,PGPT,13,-,-
4/9/2018 12:12,LT13,6,-,-
4/9/2018 12:13,COM2,8,-,-
4/9/2018 12:13,KR-MRT,12,-,-
4/9/2018 12:13,LT29,15,-,-
4/9/2018 12:13,UHALL,17,-,-
4/9/2018 12:13,PGP12-OPP,5,-,-
4/9/2018 12:13,CENLIB,22,-,-
4/9/2018 12:13,STAFFCLUB-OPP,19,-,-
4/9/2018 12:13,AS7,6,-,-
4/9/2018 12:13,YIH,20,-,-
4/9/2018 12:13,BIZ2,10,-,-
4/9/2018 12:13,PGP7,6,-,-
4/9/2018 12:13,PGPT,9,-,-
4/9/2018 12:16,LT13,21,-,-
4/9/2018 12:16,COM2,23,-,-
4/9/2018 12:16,KR-MRT,9,-,-
4/9/2018 12:16,LT29,12,-,-
4/9/2018 12:16,UHALL,14,-,-
4/9/2018 12:16,PGP12-OPP,8,-,-
4/9/2018 12:16,CENLIB,19,-,-
4/9/2018 12:16,STAFFCLUB-OPP,16,-,-
4/9/2018 12:16,AS7,22,-,-
4/9/2018 12:16,YIH,17,-,-
4/9/2018 12:16,BIZ2,7,-,-
4/9/2018 12:16,PGP7,8,-,-
4/9/2018 12:16,PGPT,6,-,-
4/9/2018 12:19,LT13,18,-,-
4/9/2018 12:19,COM2,20,-,-
4/9/2018 12:19,KR-MRT,14,-,-
4/9/2018 12:19,LT29,16,-,-
4/9/2018 12:20,UHALL,18,-,-
4/9/2018 12:20,PGP12-OPP,31,-,-
4/9/2018 12:20,CENLIB,23,-,-
4/9/2018 12:20,STAFFCLUB-OPP,20,-,-
4/9/2018 12:20,AS7,26,-,-
4/9/2018 12:20,YIH,21,-,-
4/9/2018 12:20,BIZ2,30,-,-
4/9/2018 12:20,PGP7,32,-,-
4/9/2018 12:20,PGPT,10,-,-
4/9/2018 12:23,LT13,22,-,-
4/9/2018 12:23,COM2,24,-,-
4/9/2018 12:23,KR-MRT,10,-,-
4/9/2018 12:23,LT29,13,-,-
4/9/2018 12:23,UHALL,15,-,-
4/9/2018 12:23,PGP12-OPP,25,-,-
4/9/2018 12:23,CENLIB,20,-,-
4/9/2018 12:23,STAFFCLUB-OPP,17,-,-
4/9/2018 12:23,AS7,23,-,-
4/9/2018 12:23,YIH,18,-,-
4/9/2018 12:23,BIZ2,23,-,-
4/9/2018 12:23,PGP7,26,-,-
4/9/2018 12:23,PGPT,7,-,-
4/9/2018 12:26,LT13,19,-,-
4/9/2018 12:26,COM2,21,-,-
4/9/2018 12:26,KR-MRT,14,-,-
4/9/2018 12:26,LT29,10,-,-
4/9/2018 12:26,UHALL,12,-,-
4/9/2018 12:26,PGP12-OPP,25,-,-
4/9/2018 12:26,CENLIB,17,-,-
4/9/2018 12:26,STAFFCLUB-OPP,14,-,-
4/9/2018 12:26,AS7,20,-,-
4/9/2018 12:26,YIH,15,-,-
4/9/2018 12:26,BIZ2,24,-,-
4/9/2018 12:26,PGP7,26,-,-
4/9/2018 12:26,PGPT,11,-,-
4/9/2018 12:29,LT13,7,-,-
4/9/2018 12:29,COM2,11,-,-
4/9/2018 12:29,KR-MRT,11,-,-
4/9/2018 12:29,LT29,14,-,-
4/9/2018 12:30,UHALL,5,-,-
4/9/2018 12:30,PGP12-OPP,15,-,-
4/9/2018 12:30,CENLIB,8,-,-
4/9/2018 12:30,STAFFCLUB-OPP,4,-,-
4/9/2018 12:30,AS7,10,-,-
4/9/2018 12:30,YIH,7,-,-
4/9/2018 12:30,BIZ2,14,-,-
4/9/2018 12:30,PGP7,15,-,-
4/9/2018 12:30,PGPT,7,-,-
4/9/2018 12:33,LT13,6,-,-
4/9/2018 12:33,COM2,10,-,-
4/9/2018 12:33,KR-MRT,7,-,-
4/9/2018 12:33,LT29,10,-,-
4/9/2018 12:33,UHALL,12,-,-
4/9/2018 12:33,PGP12-OPP,14,-,-
4/9/2018 12:33,CENLIB,7,-,-
4/9/2018 12:33,STAFFCLUB-OPP,14,-,-
4/9/2018 12:33,AS7,9,-,-
4/9/2018 12:33,YIH,15,-,-
4/9/2018 12:33,BIZ2,13,-,-
4/9/2018 12:33,PGP7,14,-,-
4/9/2018 12:33,PGPT,12,-,-
4/9/2018 12:36,LT13,10,-,-
4/9/2018 12:36,COM2,9,-,-
4/9/2018 12:36,KR-MRT,12,-,-
4/9/2018 12:36,LT29,2,-,-
4/9/2018 12:36,UHALL,5,-,-
4/9/2018 12:36,PGP12-OPP,12,-,-
4/9/2018 12:36,CENLIB,8,-,-
4/9/2018 12:36,STAFFCLUB-OPP,4,-,-
4/9/2018 12:36,AS7,10,-,-
4/9/2018 12:36,YIH,7,-,-
4/9/2018 12:36,BIZ2,11,-,-
4/9/2018 12:36,PGP7,13,-,-
4/9/2018 12:36,PGPT,9,-,-
4/9/2018 12:39,LT13,7,-,-
4/9/2018 12:39,COM2,10,-,-
4/9/2018 12:39,KR-MRT,9,-,-
4/9/2018 12:40,LT29,11,-,-
4/9/2018 12:40,UHALL,3,-,-
4/9/2018 12:40,PGP12-OPP,9,-,-
4/9/2018 12:40,CENLIB,6,-,-
4/9/2018 12:40,STAFFCLUB-OPP,2,-,-
4/9/2018 12:40,AS7,8,-,-
4/9/2018 12:40,YIH,5,-,-
4/9/2018 12:40,BIZ2,8,-,-
4/9/2018 12:40,PGP7,10,-,-
4/9/2018 12:40,PGPT,12,-,-
4/9/2018 12:43,LT13,5,-,-
4/9/2018 12:43,COM2,7,-,-
4/9/2018 12:43,KR-MRT,12,-,-
4/9/2018 12:43,LT29,15,-,-
4/9/2018 12:43,UHALL,17,-,-
4/9/2018 12:43,PGP12-OPP,10,-,-
4/9/2018 12:43,CENLIB,4,-,-
4/9/2018 12:43,STAFFCLUB-OPP,19,-,-
4/9/2018 12:43,AS7,6,-,-
4/9/2018 12:43,YIH,20,-,-
4/9/2018 12:43,BIZ2,10,-,-
4/9/2018 12:43,PGP7,11,-,-
4/9/2018 12:43,PGPT,9,-,-
4/9/2018 12:46,LT13,17,-,-
4/9/2018 12:46,COM2,4,-,-
4/9/2018 12:46,KR-MRT,9,-,-
4/9/2018 12:46,LT29,12,-,-
4/9/2018 12:46,UHALL,14,-,-
4/9/2018 12:46,PGP12-OPP,7,-,-
4/9/2018 12:46,CENLIB,13,-,-
4/9/2018 12:46,STAFFCLUB-OPP,16,-,-
4/9/2018 12:46,AS7,15,-,-
4/9/2018 12:46,YIH,17,-,-
4/9/2018 12:46,BIZ2,6,-,-
4/9/2018 12:46,PGP7,7,-,-
4/9/2018 12:46,PGPT,13,-,-
4/9/2018 12:50,LT13,25,-,-
4/9/2018 12:50,COM2,8,-,-
4/9/2018 12:50,KR-MRT,13,-,-
4/9/2018 12:50,LT29,16,-,-
4/9/2018 12:50,UHALL,18,-,-
4/9/2018 12:50,PGP12-OPP,4,-,-
4/9/2018 12:50,CENLIB,23,-,-
4/9/2018 12:50,STAFFCLUB-OPP,20,-,-
4/9/2018 12:50,AS7,26,-,-
4/9/2018 12:50,YIH,21,-,-
4/9/2018 12:50,BIZ2,4,-,-
4/9/2018 12:50,PGP7,5,-,-
4/9/2018 12:50,PGPT,10,-,-
4/9/2018 12:53,LT13,18,-,-
4/9/2018 12:53,COM2,21,-,-
4/9/2018 12:53,KR-MRT,10,-,-
4/9/2018 12:53,LT29,13,-,-
4/9/2018 12:53,UHALL,15,-,-
4/9/2018 12:53,PGP12-OPP,9,-,-
4/9/2018 12:53,CENLIB,15,-,-
4/9/2018 12:53,STAFFCLUB-OPP,11,-,-
4/9/2018 12:53,AS7,19,-,-
4/9/2018 12:53,YIH,13,-,-
4/9/2018 12:53,BIZ2,8,-,-
4/9/2018 12:53,PGP7,9,-,-
4/9/2018 12:53,PGPT,7,-,-
4/9/2018 12:56,LT13,7,-,-
4/9/2018 12:56,COM2,9,-,-
4/9/2018 12:56,KR-MRT,14,-,-
4/9/2018 12:56,LT29,10,-,-
4/9/2018 12:56,UHALL,12,-,-
4/9/2018 12:56,PGP12-OPP,12,-,-
4/9/2018 12:56,CENLIB,17,-,-
4/9/2018 12:56,STAFFCLUB-OPP,14,-,-
4/9/2018 12:56,AS7,8,-,-
4/9/2018 12:56,YIH,14,-,-
4/9/2018 12:57,BIZ2,12,-,-
4/9/2018 12:57,PGP7,13,-,-
4/9/2018 12:57,PGPT,10,-,-
4/9/2018 13:00,LT13,18,-,-
4/9/2018 13:00,COM2,22,-,-
4/9/2018 13:00,KR-MRT,10,-,-
4/9/2018 13:00,LT29,13,-,-
4/9/2018 13:00,UHALL,10,-,-
4/9/2018 13:00,PGP12-OPP,12,-,-
4/9/2018 13:00,CENLIB,15,-,-
4/9/2018 13:00,STAFFCLUB-OPP,12,-,-
4/9/2018 13:00,AS7,20,-,-
4/9/2018 13:00,YIH,14,-,-
4/9/2018 13:00,BIZ2,11,-,-
4/9/2018 13:00,PGP7,12,-,-
4/9/2018 13:00,PGPT,7,-,-
4/9/2018 13:03,LT13,9,-,-
4/9/2018 13:03,COM2,10,-,-
4/9/2018 13:03,KR-MRT,15,-,-
4/9/2018 13:03,LT29,10,-,-
4/9/2018 13:03,UHALL,12,-,-
4/9/2018 13:03,PGP12-OPP,13,-,-
4/9/2018 13:03,CENLIB,6,-,-
4/9/2018 13:03,STAFFCLUB-OPP,14,-,-
4/9/2018 13:03,AS7,8,-,-
4/9/2018 13:03,YIH,15,-,-
4/9/2018 13:03,BIZ2,12,-,-
4/9/2018 13:03,PGP7,13,-,-
4/9/2018 13:03,PGPT,12,-,-
4/9/2018 13:06,LT13,4,-,-
4/9/2018 13:06,COM2,6,-,-
4/9/2018 13:06,KR-MRT,12,-,-
4/9/2018 13:06,LT29,15,-,-
4/9/2018 13:06,UHALL,8,-,-
4/9/2018 13:06,PGP12-OPP,9,-,-
4/9/2018 13:06,CENLIB,13,-,-
4/9/2018 13:06,STAFFCLUB-OPP,10,-,-
4/9/2018 13:07,AS7,4,-,-
4/9/2018 13:07,YIH,11,-,-
4/9/2018 13:07,BIZ2,8,-,-
4/9/2018 13:07,PGP7,9,-,-
4/9/2018 13:07,PGPT,8,-,-
4/9/2018 13:10,LT13,8,-,-
4/9/2018 13:10,COM2,11,-,-
4/9/2018 13:10,KR-MRT,15,-,-
4/9/2018 13:10,LT29,11,-,-
4/9/2018 13:10,UHALL,13,-,-
4/9/2018 13:10,PGP12-OPP,6,-,-
4/9/2018 13:10,CENLIB,18,-,-
4/9/2018 13:10,STAFFCLUB-OPP,15,-,-
4/9/2018 13:10,AS7,8,-,-
4/9/2018 13:10,YIH,16,-,-
4/9/2018 13:10,BIZ2,5,-,-
4/9/2018 13:10,PGP7,6,-,-
4/9/2018 13:10,PGPT,12,-,-
4/9/2018 13:13,LT13,24,-,-
4/9/2018 13:13,COM2,26,-,-
4/9/2018 13:13,KR-MRT,12,-,-
4/9/2018 13:13,LT29,15,-,-
4/9/2018 13:13,UHALL,17,-,-
4/9/2018 13:13,PGP12-OPP,9,-,-
4/9/2018 13:13,CENLIB,22,-,-
4/9/2018 13:13,STAFFCLUB-OPP,19,-,-
4/9/2018 13:13,AS7,25,-,-
4/9/2018 13:13,YIH,20,-,-
4/9/2018 13:13,BIZ2,9,-,-
4/9/2018 13:13,PGP7,10,-,-
4/9/2018 13:13,PGPT,9,-,-
4/9/2018 13:16,LT13,15,-,-
4/9/2018 13:16,COM2,18,-,-
4/9/2018 13:16,KR-MRT,9,-,-
4/9/2018 13:16,LT29,12,-,-
4/9/2018 13:16,UHALL,14,-,-
4/9/2018 13:16,PGP12-OPP,23,-,-
4/9/2018 13:16,CENLIB,15,-,-
4/9/2018 13:16,STAFFCLUB-OPP,16,-,-
4/9/2018 13:16,AS7,16,-,-
4/9/2018 13:17,YIH,16,-,-
4/9/2018 13:17,BIZ2,23,-,-
4/9/2018 13:17,PGP7,30,-,-
4/9/2018 13:17,PGPT,13,-,-
4/9/2018 13:20,LT13,25,-,-
4/9/2018 13:20,COM2,8,-,-
4/9/2018 13:20,KR-MRT,13,-,-
4/9/2018 13:20,LT29,16,-,-
4/9/2018 13:20,UHALL,18,-,-
4/9/2018 13:20,PGP12-OPP,12,-,-
4/9/2018 13:20,CENLIB,23,-,-
4/9/2018 13:20,STAFFCLUB-OPP,20,-,-
4/9/2018 13:20,AS7,26,-,-
4/9/2018 13:20,YIH,21,-,-
4/9/2018 13:20,BIZ2,12,-,-
4/9/2018 13:20,PGP7,12,-,-
4/9/2018 13:20,PGPT,10,-,-
4/9/2018 13:23,LT13,14,-,-
4/9/2018 13:23,COM2,16,-,-
4/9/2018 13:23,KR-MRT,10,-,-
4/9/2018 13:23,LT29,13,-,-
4/9/2018 13:23,UHALL,15,-,-
4/9/2018 13:23,PGP12-OPP,9,-,-
4/9/2018 13:23,CENLIB,12,-,-
4/9/2018 13:23,STAFFCLUB-OPP,8,-,-
4/9/2018 13:23,AS7,15,-,-
4/9/2018 13:23,YIH,8,-,-
4/9/2018 13:23,BIZ2,8,-,-
4/9/2018 13:23,PGP7,9,-,-
4/9/2018 13:23,PGPT,7,-,-
4/9/2018 13:26,LT13,7,-,-
4/9/2018 13:26,COM2,9,-,-
4/9/2018 13:26,KR-MRT,14,-,-
4/9/2018 13:26,LT29,10,-,-
4/9/2018 13:26,UHALL,12,-,-
4/9/2018 13:27,PGP12-OPP,13,-,-
4/9/2018 13:27,CENLIB,5,-,-
4/9/2018 13:27,STAFFCLUB-OPP,13,-,-
4/9/2018 13:27,AS7,8,-,-
4/9/2018 13:27,YIH,14,-,-
4/9/2018 13:27,BIZ2,12,-,-
4/9/2018 13:27,PGP7,13,-,-
4/9/2018 13:27,PGPT,10,-,-
4/9/2018 13:30,LT13,15,-,-
4/9/2018 13:30,COM2,5,-,-
4/9/2018 13:30,KR-MRT,10,-,-
4/9/2018 13:30,LT29,13,-,-
4/9/2018 13:30,UHALL,15,-,-
4/9/2018 13:30,PGP12-OPP,8,-,-
4/9/2018 13:30,CENLIB,12,-,-
4/9/2018 13:30,STAFFCLUB-OPP,7,-,-
4/9/2018 13:30,AS7,16,-,-
4/9/2018 13:30,YIH,10,-,-
4/9/2018 13:30,BIZ2,8,-,-
4/9/2018 13:30,PGP7,9,-,-
4/9/2018 13:30,PGPT,7,-,-
4/9/2018 13:33,LT13,15,-,-
4/9/2018 13:33,COM2,19,-,-
4/9/2018 13:33,KR-MRT,7,-,-
4/9/2018 13:33,LT29,10,-,-
4/9/2018 13:33,UHALL,12,-,-
4/9/2018 13:33,PGP12-OPP,6,-,-
4/9/2018 13:33,CENLIB,17,-,-
4/9/2018 13:33,STAFFCLUB-OPP,14,-,-
4/9/2018 13:33,AS7,13,-,-
4/9/2018 13:33,YIH,15,-,-
4/9/2018 13:33,BIZ2,5,-,-
4/9/2018 13:33,PGP7,6,-,-
4/9/2018 13:33,PGPT,12,-,-
4/9/2018 13:36,LT13,16,-,-
4/9/2018 13:36,COM2,19,-,-
4/9/2018 13:37,KR-MRT,11,-,-
4/9/2018 13:37,LT29,6,-,-
4/9/2018 13:37,UHALL,8,-,-
4/9/2018 13:37,PGP12-OPP,12,-,-
4/9/2018 13:37,CENLIB,14,-,-
4/9/2018 13:37,STAFFCLUB-OPP,8,-,-
4/9/2018 13:37,AS7,17,-,-
4/9/2018 13:37,YIH,11,-,-
4/9/2018 13:37,BIZ2,11,-,-
4/9/2018 13:37,PGP7,12,-,-
4/9/2018 13:37,PGPT,8,-,-
4/9/2018 13:40,LT13,8,-,-
4/9/2018 13:40,COM2,10,-,-
4/9/2018 13:40,KR-MRT,15,-,-
4/9/2018 13:40,LT29,11,-,-
4/9/2018 13:40,UHALL,13,-,-
4/9/2018 13:40,PGP12-OPP,14,-,-
4/9/2018 13:40,CENLIB,6,-,-
4/9/2018 13:40,STAFFCLUB-OPP,15,-,-
4/9/2018 13:40,AS7,8,-,-
4/9/2018 13:40,YIH,4,-,-
4/9/2018 13:40,BIZ2,12,-,-
4/9/2018 13:40,PGP7,12,-,-
4/9/2018 13:40,PGPT,12,-,-
4/9/2018 13:43,LT13,5,-,-
4/9/2018 13:43,COM2,6,-,-
4/9/2018 13:43,KR-MRT,12,-,-
4/9/2018 13:43,LT29,15,-,-
4/9/2018 13:43,UHALL,17,-,-
4/9/2018 13:43,PGP12-OPP,10,-,-
4/9/2018 13:43,CENLIB,22,-,-
4/9/2018 13:43,STAFFCLUB-OPP,19,-,-
4/9/2018 13:43,AS7,5,-,-
4/9/2018 13:43,YIH,20,-,-
4/9/2018 13:43,BIZ2,9,-,-
4/9/2018 13:44,PGP7,10,-,-
4/9/2018 13:44,PGPT,8,-,-
4/9/2018 13:47,LT13,20,-,-
4/9/2018 13:47,COM2,22,-,-
4/9/2018 13:47,KR-MRT,16,-,-
4/9/2018 13:47,LT29,19,-,-
4/9/2018 13:47,UHALL,21,-,-
4/9/2018 13:47,PGP12-OPP,8,-,-
4/9/2018 13:47,CENLIB,18,-,-
4/9/2018 13:47,STAFFCLUB-OPP,23,-,-
4/9/2018 13:47,AS7,21,-,-
4/9/2018 13:47,YIH,16,-,-
4/9/2018 13:47,BIZ2,7,-,-
4/9/2018 13:47,PGP7,8,-,-
4/9/2018 13:47,PGPT,13,-,-
4/9/2018 13:50,LT13,25,-,-
4/9/2018 13:50,COM2,27,-,-
4/9/2018 13:50,KR-MRT,13,-,-
4/9/2018 13:50,LT29,16,-,-
4/9/2018 13:50,UHALL,18,-,-
4/9/2018 13:50,PGP12-OPP,31,-,-
4/9/2018 13:50,CENLIB,23,-,-
4/9/2018 13:50,STAFFCLUB-OPP,20,-,-
4/9/2018 13:50,AS7,26,-,-
4/9/2018 13:50,YIH,21,-,-
4/9/2018 13:50,BIZ2,30,-,-
4/9/2018 13:50,PGP7,6,-,-
4/9/2018 13:50,PGPT,10,-,-
4/9/2018 13:53,LT13,22,-,-
4/9/2018 13:53,COM2,24,-,-
4/9/2018 13:53,KR-MRT,10,-,-
4/9/2018 13:53,LT29,13,-,-
4/9/2018 13:53,UHALL,15,-,-
4/9/2018 13:53,PGP12-OPP,24,-,-
4/9/2018 13:53,CENLIB,20,-,-
4/9/2018 13:53,STAFFCLUB-OPP,17,-,-
4/9/2018 13:53,AS7,23,-,-
4/9/2018 13:53,YIH,17,-,-
4/9/2018 13:54,BIZ2,27,-,-
4/9/2018 13:54,PGP7,25,-,-
4/9/2018 13:54,PGPT,16,-,-
4/9/2018 13:57,LT13,18,-,-
4/9/2018 13:57,COM2,20,-,-
4/9/2018 13:57,KR-MRT,16,-,-
4/9/2018 13:57,LT29,9,-,-
4/9/2018 13:57,UHALL,11,-,-
4/9/2018 13:57,PGP12-OPP,24,-,-
4/9/2018 13:57,CENLIB,16,-,-
4/9/2018 13:57,STAFFCLUB-OPP,13,-,-
4/9/2018 13:57,AS7,19,-,-
4/9/2018 13:57,YIH,14,-,-
4/9/2018 13:57,BIZ2,23,-,-
4/9/2018 13:57,PGP7,25,-,-
4/9/2018 13:57,PGPT,13,-,-
4/9/2018 14:00,LT13,25,-,-
4/9/2018 14:00,COM2,27,-,-
4/9/2018 14:00,KR-MRT,13,-,-
4/9/2018 14:00,LT29,16,-,-
4/9/2018 14:00,UHALL,18,-,-
4/9/2018 14:00,PGP12-OPP,31,-,-
4/9/2018 14:00,CENLIB,23,-,-
4/9/2018 14:00,STAFFCLUB-OPP,20,-,-
4/9/2018 14:00,AS7,26,-,-
4/9/2018 14:00,YIH,21,-,-
4/9/2018 14:00,BIZ2,30,-,-
4/9/2018 14:00,PGP7,32,-,-
4/9/2018 14:00,PGPT,10,-,-
4/9/2018 14:03,LT13,16,-,-
4/9/2018 14:03,COM2,20,-,-
4/9/2018 14:03,KR-MRT,10,-,-
4/9/2018 14:03,LT29,13,-,-
4/9/2018 14:03,UHALL,15,-,-
4/9/2018 14:03,PGP12-OPP,22,-,-
4/9/2018 14:03,CENLIB,20,-,-
4/9/2018 14:03,STAFFCLUB-OPP,17,-,-
4/9/2018 14:03,AS7,14,-,-
4/9/2018 14:04,YIH,17,-,-
4/9/2018 14:04,BIZ2,25,-,-
4/9/2018 14:04,PGP7,28,-,-
4/9/2018 14:04,PGPT,16,-,-
4/9/2018 14:07,LT13,18,-,-
4/9/2018 14:07,COM2,20,-,-
4/9/2018 14:07,KR-MRT,16,-,-
4/9/2018 14:07,LT29,9,-,-
4/9/2018 14:07,UHALL,11,-,-
4/9/2018 14:07,PGP12-OPP,12,-,-
4/9/2018 14:07,CENLIB,16,-,-
4/9/2018 14:07,STAFFCLUB-OPP,13,-,-
4/9/2018 14:07,AS7,19,-,-
4/9/2018 14:07,YIH,14,-,-
4/9/2018 14:07,BIZ2,11,-,-
4/9/2018 14:07,PGP7,12,-,-
4/9/2018 14:07,PGPT,13,-,-
4/9/2018 14:10,LT13,13,-,-
4/9/2018 14:10,COM2,15,-,-
4/9/2018 14:10,KR-MRT,13,-,-
4/9/2018 14:10,LT29,16,-,-
4/9/2018 14:10,UHALL,18,-,-
4/9/2018 14:10,PGP12-OPP,23,-,-
4/9/2018 14:10,CENLIB,9,-,-
4/9/2018 14:10,STAFFCLUB-OPP,20,-,-
4/9/2018 14:10,AS7,12,-,-
4/9/2018 14:10,YIH,7,-,-
4/9/2018 14:10,BIZ2,18,-,-
4/9/2018 14:10,PGP7,20,-,-
4/9/2018 14:10,PGPT,10,-,-
4/9/2018 14:13,LT13,22,-,-
4/9/2018 14:13,COM2,6,-,-
4/9/2018 14:13,KR-MRT,20,-,-
4/9/2018 14:13,LT29,23,-,-
4/9/2018 14:13,UHALL,15,-,-
4/9/2018 14:13,PGP12-OPP,8,-,-
4/9/2018 14:13,CENLIB,20,-,-
4/9/2018 14:13,STAFFCLUB-OPP,17,-,-
4/9/2018 14:13,AS7,5,-,-
4/9/2018 14:13,YIH,18,-,-
4/9/2018 14:13,BIZ2,8,-,-
4/9/2018 14:14,PGP7,9,-,-
4/9/2018 14:14,PGPT,16,-,-
4/9/2018 14:17,LT13,18,-,-
4/9/2018 14:17,COM2,20,-,-
4/9/2018 14:17,KR-MRT,16,-,-
4/9/2018 14:17,LT29,19,-,-
4/9/2018 14:17,UHALL,21,-,-
4/9/2018 14:17,PGP12-OPP,6,-,-
4/9/2018 14:17,CENLIB,16,-,-
4/9/2018 14:17,STAFFCLUB-OPP,23,-,-
4/9/2018 14:17,AS7,19,-,-
4/9/2018 14:17,YIH,24,-,-
4/9/2018 14:17,BIZ2,5,-,-
4/9/2018 14:17,PGP7,6,-,-
4/9/2018 14:17,PGPT,13,-,-
4/9/2018 14:20,LT13,25,-,-
4/9/2018 14:20,COM2,18,-,-
4/9/2018 14:20,KR-MRT,13,-,-
4/9/2018 14:20,LT29,16,-,-
4/9/2018 14:20,UHALL,18,-,-
4/9/2018 14:20,PGP12-OPP,24,-,-
4/9/2018 14:20,CENLIB,23,-,-
4/9/2018 14:20,STAFFCLUB-OPP,20,-,-
4/9/2018 14:20,AS7,26,-,-
4/9/2018 14:20,YIH,21,-,-
4/9/2018 14:20,BIZ2,22,-,-
4/9/2018 14:20,PGP7,24,-,-
4/9/2018 14:20,PGPT,10,-,-
4/9/2018 14:23,LT13,22,-,-
4/9/2018 14:23,COM2,24,-,-
4/9/2018 14:23,KR-MRT,20,-,-
4/9/2018 14:23,LT29,13,-,-
4/9/2018 14:23,UHALL,15,-,-
4/9/2018 14:23,PGP12-OPP,12,-,-
4/9/2018 14:23,CENLIB,20,-,-
4/9/2018 14:23,STAFFCLUB-OPP,17,-,-
4/9/2018 14:23,AS7,22,-,-
4/9/2018 14:24,YIH,17,-,-
4/9/2018 14:24,BIZ2,11,-,-
4/9/2018 14:24,PGP7,12,-,-
4/9/2018 14:24,PGPT,16,-,-
4/9/2018 14:27,LT13,18,-,-
4/9/2018 14:27,COM2,20,-,-
4/9/2018 14:27,KR-MRT,16,-,-
4/9/2018 14:27,LT29,19,-,-
4/9/2018 14:27,UHALL,21,-,-
4/9/2018 14:27,PGP12-OPP,24,-,-
4/9/2018 14:27,CENLIB,16,-,-
4/9/2018 14:27,STAFFCLUB-OPP,13,-,-
4/9/2018 14:27,AS7,19,-,-
4/9/2018 14:27,YIH,14,-,-
4/9/2018 14:27,BIZ2,23,-,-
4/9/2018 14:27,PGP7,25,-,-
4/9/2018 14:27,PGPT,13,-,-
4/9/2018 14:30,LT13,11,-,-
4/9/2018 14:30,COM2,13,-,-
4/9/2018 14:30,KR-MRT,13,-,-
4/9/2018 14:30,LT29,16,-,-
4/9/2018 14:30,UHALL,18,-,-
4/9/2018 14:30,PGP12-OPP,18,-,-
4/9/2018 14:30,CENLIB,23,-,-
4/9/2018 14:30,STAFFCLUB-OPP,20,-,-
4/9/2018 14:30,AS7,11,-,-
4/9/2018 14:30,YIH,21,-,-
4/9/2018 14:30,BIZ2,18,-,-
4/9/2018 14:30,PGP7,19,-,-
4/9/2018 14:30,PGPT,10,-,-
4/9/2018 14:33,LT13,22,-,-
4/9/2018 14:33,COM2,24,-,-
4/9/2018 14:33,KR-MRT,20,-,-
4/9/2018 14:33,LT29,13,-,-
4/9/2018 14:33,UHALL,15,-,-
4/9/2018 14:33,PGP12-OPP,10,-,-
4/9/2018 14:33,CENLIB,null,null,null
4/9/2018 14:34,STAFFCLUB-OPP,16,-,-
4/9/2018 14:34,AS7,22,-,-
4/9/2018 14:34,YIH,17,-,-
4/9/2018 14:34,BIZ2,10,-,-
4/9/2018 14:34,PGP7,11,-,-
4/9/2018 14:34,PGPT,16,-,-
4/9/2018 14:37,LT13,18,-,-
4/9/2018 14:37,COM2,20,-,-
4/9/2018 14:37,KR-MRT,16,-,-
4/9/2018 14:37,LT29,19,-,-
4/9/2018 14:37,UHALL,11,-,-
4/9/2018 14:37,PGP12-OPP,24,-,-
4/9/2018 14:37,CENLIB,16,-,-
4/9/2018 14:37,STAFFCLUB-OPP,13,-,-
4/9/2018 14:37,AS7,19,-,-
4/9/2018 14:37,YIH,14,-,-
4/9/2018 14:37,BIZ2,23,-,-
4/9/2018 14:37,PGP7,25,-,-
4/9/2018 14:37,PGPT,13,-,-
4/9/2018 14:40,LT13,12,-,-
4/9/2018 14:40,COM2,15,-,-
4/9/2018 14:40,KR-MRT,13,-,-
4/9/2018 14:40,LT29,16,-,-
4/9/2018 14:40,UHALL,18,-,-
4/9/2018 14:40,PGP12-OPP,19,-,-
4/9/2018 14:41,CENLIB,10,-,-
4/9/2018 14:41,STAFFCLUB-OPP,19,-,-
4/9/2018 14:41,AS7,13,-,-
4/9/2018 14:41,YIH,20,-,-
4/9/2018 14:41,BIZ2,18,-,-
4/9/2018 14:41,PGP7,20,-,-
4/9/2018 14:41,PGPT,9,-,-
4/9/2018 14:44,LT13,21,-,-
4/9/2018 14:44,COM2,23,-,-
4/9/2018 14:44,KR-MRT,19,-,-
4/9/2018 14:44,LT29,12,-,-
4/9/2018 14:44,UHALL,14,-,-
4/9/2018 14:44,PGP12-OPP,11,-,-
4/9/2018 14:44,CENLIB,19,-,-
4/9/2018 14:44,STAFFCLUB-OPP,16,-,-
4/9/2018 14:44,AS7,22,-,-
4/9/2018 14:44,YIH,17,-,-
4/9/2018 14:44,BIZ2,11,-,-
4/9/2018 14:44,PGP7,12,-,-
4/9/2018 14:44,PGPT,16,-,-
4/9/2018 14:47,LT13,18,-,-
4/9/2018 14:47,COM2,20,-,-
4/9/2018 14:47,KR-MRT,16,-,-
4/9/2018 14:47,LT29,19,-,-
4/9/2018 14:47,UHALL,21,-,-
4/9/2018 14:47,PGP12-OPP,24,-,-
4/9/2018 14:47,CENLIB,16,-,-
4/9/2018 14:47,STAFFCLUB-OPP,13,-,-
4/9/2018 14:47,AS7,19,-,-
4/9/2018 14:47,YIH,14,-,-
4/9/2018 14:47,BIZ2,23,-,-
4/9/2018 14:47,PGP7,25,-,-
4/9/2018 14:47,PGPT,13,-,-
4/9/2018 14:50,LT13,12,-,-
4/9/2018 14:50,COM2,15,-,-
4/9/2018 14:50,KR-MRT,13,-,-
4/9/2018 14:50,LT29,16,-,-
4/9/2018 14:50,UHALL,18,-,-
4/9/2018 14:50,PGP12-OPP,25,-,-
4/9/2018 14:51,CENLIB,22,-,-
4/9/2018 14:51,STAFFCLUB-OPP,19,-,-
4/9/2018 14:51,AS7,13,-,-
4/9/2018 14:51,YIH,20,-,-
4/9/2018 14:51,BIZ2,18,-,-
4/9/2018 14:51,PGP7,20,-,-
4/9/2018 14:51,PGPT,9,-,-
4/9/2018 14:54,LT13,21,-,-
4/9/2018 14:54,COM2,23,-,-
4/9/2018 14:54,KR-MRT,19,-,-
4/9/2018 14:54,LT29,12,-,-
4/9/2018 14:54,UHALL,14,-,-
4/9/2018 14:54,PGP12-OPP,11,-,-
4/9/2018 14:54,CENLIB,19,-,-
4/9/2018 14:54,STAFFCLUB-OPP,16,-,-
4/9/2018 14:54,AS7,22,-,-
4/9/2018 14:54,YIH,17,-,-
4/9/2018 14:54,BIZ2,11,-,-
4/9/2018 14:54,PGP7,12,-,-
4/9/2018 14:54,PGPT,16,-,-
4/9/2018 14:57,LT13,18,-,-
4/9/2018 14:57,COM2,20,-,-
4/9/2018 14:57,KR-MRT,16,-,-
4/9/2018 14:57,LT29,19,-,-
4/9/2018 14:57,UHALL,21,-,-
4/9/2018 14:57,PGP12-OPP,24,-,-
4/9/2018 14:57,CENLIB,16,-,-
4/9/2018 14:57,STAFFCLUB-OPP,13,-,-
4/9/2018 14:57,AS7,19,-,-
4/9/2018 14:57,YIH,14,-,-
4/9/2018 14:57,BIZ2,23,-,-
4/9/2018 14:57,PGP7,8,-,-
4/9/2018 14:57,PGPT,13,-,-
4/9/2018 15:00,LT13,13,-,-
4/9/2018 15:00,COM2,14,-,-
4/9/2018 15:00,KR-MRT,13,-,-
4/9/2018 15:00,LT29,16,-,-
4/9/2018 15:00,UHALL,17,-,-
4/9/2018 15:01,PGP12-OPP,20,-,-
4/9/2018 15:01,CENLIB,22,-,-
4/9/2018 15:01,STAFFCLUB-OPP,19,-,-
4/9/2018 15:01,AS7,12,-,-
4/9/2018 15:01,YIH,20,-,-
4/9/2018 15:01,BIZ2,23,-,-
4/9/2018 15:01,PGP7,19,-,-
4/9/2018 15:01,PGPT,9,-,-
4/9/2018 15:04,LT13,21,-,-
4/9/2018 15:04,COM2,5,-,-
4/9/2018 15:04,KR-MRT,19,-,-
4/9/2018 15:04,LT29,22,-,-
4/9/2018 15:04,UHALL,14,-,-
4/9/2018 15:04,PGP12-OPP,8,-,-
4/9/2018 15:04,CENLIB,19,-,-
4/9/2018 15:04,STAFFCLUB-OPP,16,-,-
4/9/2018 15:04,AS7,22,-,-
4/9/2018 15:04,YIH,17,-,-
4/9/2018 15:04,BIZ2,8,-,-
4/9/2018 15:04,PGP7,8,-,-
4/9/2018 15:04,PGPT,16,-,-
4/9/2018 15:07,LT13,18,-,-
4/9/2018 15:07,COM2,20,-,-
4/9/2018 15:07,KR-MRT,16,-,-
4/9/2018 15:07,LT29,19,-,-
4/9/2018 15:07,UHALL,21,-,-
4/9/2018 15:07,PGP12-OPP,24,-,-
4/9/2018 15:07,CENLIB,26,-,-
4/9/2018 15:07,STAFFCLUB-OPP,23,-,-
4/9/2018 15:07,AS7,19,-,-
4/9/2018 15:07,YIH,24,-,-
4/9/2018 15:07,BIZ2,23,-,-
4/9/2018 15:07,PGP7,25,-,-
4/9/2018 15:07,PGPT,13,-,-
4/9/2018 15:10,LT13,25,-,-
4/9/2018 15:10,COM2,26,-,-
4/9/2018 15:11,KR-MRT,12,-,-
4/9/2018 15:11,LT29,15,-,-
4/9/2018 15:11,UHALL,17,-,-
4/9/2018 15:11,PGP12-OPP,22,-,-
4/9/2018 15:11,CENLIB,22,-,-
4/9/2018 15:11,STAFFCLUB-OPP,19,-,-
4/9/2018 15:11,AS7,25,-,-
4/9/2018 15:11,YIH,20,-,-
4/9/2018 15:11,BIZ2,23,-,-
4/9/2018 15:11,PGP7,20,-,-
4/9/2018 15:11,PGPT,9,-,-
4/9/2018 15:14,LT13,21,-,-
4/9/2018 15:14,COM2,23,-,-
4/9/2018 15:14,KR-MRT,19,-,-
4/9/2018 15:14,LT29,12,-,-
4/9/2018 15:14,UHALL,14,-,-
4/9/2018 15:14,PGP12-OPP,27,-,-
4/9/2018 15:14,CENLIB,19,-,-
4/9/2018 15:14,STAFFCLUB-OPP,16,-,-
4/9/2018 15:14,AS7,22,-,-
4/9/2018 15:14,YIH,17,-,-
4/9/2018 15:14,BIZ2,26,-,-
4/9/2018 15:14,PGP7,28,-,-
4/9/2018 15:14,PGPT,16,-,-
4/9/2018 15:17,LT13,18,-,-
4/9/2018 15:17,COM2,20,-,-
4/9/2018 15:17,KR-MRT,16,-,-
4/9/2018 15:17,LT29,19,-,-
4/9/2018 15:17,UHALL,21,-,-
4/9/2018 15:17,PGP12-OPP,24,-,-
4/9/2018 15:17,CENLIB,16,-,-
4/9/2018 15:17,STAFFCLUB-OPP,23,-,-
4/9/2018 15:17,AS7,19,-,-
4/9/2018 15:17,YIH,24,-,-
4/9/2018 15:17,BIZ2,32,-,-
4/9/2018 15:18,PGP7,34,-,-
4/9/2018 15:18,PGPT,12,-,-
4/9/2018 15:21,LT13,24,-,-
4/9/2018 15:21,COM2,8,-,-
4/9/2018 15:21,KR-MRT,12,-,-
4/9/2018 15:21,LT29,15,-,-
4/9/2018 15:21,UHALL,17,-,-
4/9/2018 15:21,PGP12-OPP,14,-,-
4/9/2018 15:21,CENLIB,22,-,-
4/9/2018 15:21,STAFFCLUB-OPP,19,-,-
4/9/2018 15:21,AS7,25,-,-
4/9/2018 15:21,YIH,20,-,-
4/9/2018 15:21,BIZ2,10,-,-
4/9/2018 15:21,PGP7,11,-,-
4/9/2018 15:21,PGPT,9,-,-
4/9/2018 15:24,LT13,21,-,-
4/9/2018 15:24,COM2,23,-,-
4/9/2018 15:24,KR-MRT,16,-,-
4/9/2018 15:24,LT29,12,-,-
4/9/2018 15:24,UHALL,14,-,-
4/9/2018 15:24,PGP12-OPP,11,-,-
4/9/2018 15:24,CENLIB,19,-,-
4/9/2018 15:24,STAFFCLUB-OPP,16,-,-
4/9/2018 15:24,AS7,22,-,-
4/9/2018 15:24,YIH,17,-,-
4/9/2018 15:24,BIZ2,8,-,-
4/9/2018 15:24,PGP7,8,-,-
4/9/2018 15:24,PGPT,13,-,-
4/9/2018 15:27,LT13,18,-,-
4/9/2018 15:27,COM2,20,-,-
4/9/2018 15:27,KR-MRT,12,-,-
4/9/2018 15:28,LT29,15,-,-
4/9/2018 15:28,UHALL,17,-,-
4/9/2018 15:28,PGP12-OPP,30,-,-
4/9/2018 15:28,CENLIB,22,-,-
4/9/2018 15:28,STAFFCLUB-OPP,19,-,-
4/9/2018 15:28,AS7,25,-,-
4/9/2018 15:28,YIH,20,-,-
4/9/2018 15:28,BIZ2,29,-,-
4/9/2018 15:28,PGP7,31,-,-
4/9/2018 15:28,PGPT,9,-,-
4/9/2018 15:31,LT13,7,-,-
4/9/2018 15:31,COM2,9,-,-
4/9/2018 15:31,KR-MRT,9,-,-
4/9/2018 15:31,LT29,12,-,-
4/9/2018 15:31,UHALL,14,-,-
4/9/2018 15:31,PGP12-OPP,11,-,-
4/9/2018 15:31,CENLIB,6,-,-
4/9/2018 15:31,STAFFCLUB-OPP,16,-,-
4/9/2018 15:31,AS7,8,-,-
4/9/2018 15:31,YIH,17,-,-
4/9/2018 15:31,BIZ2,11,-,-
4/9/2018 15:31,PGP7,11,-,-
4/9/2018 15:31,PGPT,6,-,-
4/9/2018 15:34,LT13,18,-,-
4/9/2018 15:34,COM2,7,-,-
4/9/2018 15:34,KR-MRT,6,-,-
4/9/2018 15:34,LT29,9,-,-
4/9/2018 15:34,UHALL,11,-,-
4/9/2018 15:34,PGP12-OPP,9,-,-
4/9/2018 15:34,CENLIB,16,-,-
4/9/2018 15:34,STAFFCLUB-OPP,13,-,-
4/9/2018 15:34,AS7,26,-,-
4/9/2018 15:35,YIH,21,-,-
4/9/2018 15:35,BIZ2,9,-,-
4/9/2018 15:35,PGP7,9,-,-
4/9/2018 15:35,PGPT,10,-,-
4/9/2018 15:38,LT13,7,-,-
4/9/2018 15:38,COM2,9,-,-
4/9/2018 15:38,KR-MRT,10,-,-
4/9/2018 15:38,LT29,13,-,-
4/9/2018 15:38,UHALL,3,-,-
4/9/2018 15:38,PGP12-OPP,7,-,-
4/9/2018 15:38,CENLIB,7,-,-
4/9/2018 15:38,STAFFCLUB-OPP,4,-,-
4/9/2018 15:38,AS7,8,-,-
4/9/2018 15:38,YIH,5,-,-
4/9/2018 15:38,BIZ2,12,-,-
4/9/2018 15:38,PGP7,7,-,-
4/9/2018 15:38,PGPT,7,-,-
4/9/2018 15:41,LT13,9,-,-
4/9/2018 15:41,COM2,12,-,-
4/9/2018 15:41,KR-MRT,14,-,-
4/9/2018 15:41,LT29,10,-,-
4/9/2018 15:41,UHALL,12,-,-
4/9/2018 15:41,PGP12-OPP,14,-,-
4/9/2018 15:41,CENLIB,6,-,-
4/9/2018 15:41,STAFFCLUB-OPP,14,-,-
4/9/2018 15:41,AS7,8,-,-
4/9/2018 15:41,YIH,15,-,-
4/9/2018 15:41,BIZ2,12,-,-
4/9/2018 15:41,PGP7,13,-,-
4/9/2018 15:41,PGPT,10,-,-
4/9/2018 15:45,LT13,14,-,-
4/9/2018 15:45,COM2,6,-,-
4/9/2018 15:45,KR-MRT,10,-,-
4/9/2018 15:45,LT29,13,-,-
4/9/2018 15:45,UHALL,7,-,-
4/9/2018 15:45,PGP12-OPP,9,-,-
4/9/2018 15:45,CENLIB,13,-,-
4/9/2018 15:45,STAFFCLUB-OPP,8,-,-
4/9/2018 15:45,AS7,16,-,-
4/9/2018 15:45,YIH,10,-,-
4/9/2018 15:45,BIZ2,9,-,-
4/9/2018 15:45,PGP7,10,-,-
4/9/2018 15:45,PGPT,7,-,-
4/9/2018 15:48,LT13,8,-,-
4/9/2018 15:48,COM2,10,-,-
4/9/2018 15:48,KR-MRT,15,-,-
4/9/2018 15:48,LT29,10,-,-
4/9/2018 15:48,UHALL,12,-,-
4/9/2018 15:48,PGP12-OPP,6,-,-
4/9/2018 15:48,CENLIB,6,-,-
4/9/2018 15:48,STAFFCLUB-OPP,14,-,-
4/9/2018 15:48,AS7,8,-,-
4/9/2018 15:48,YIH,15,-,-
4/9/2018 15:48,BIZ2,12,-,-
4/9/2018 15:48,PGP7,7,-,-
4/9/2018 15:48,PGPT,12,-,-
4/9/2018 15:51,LT13,14,-,-
4/9/2018 15:51,COM2,7,-,-
4/9/2018 15:51,KR-MRT,12,-,-
4/9/2018 15:51,LT29,15,-,-
4/9/2018 15:51,UHALL,8,-,-
4/9/2018 15:51,PGP12-OPP,9,-,-
4/9/2018 15:51,CENLIB,13,-,-
4/9/2018 15:51,STAFFCLUB-OPP,8,-,-
4/9/2018 15:51,AS7,16,-,-
4/9/2018 15:51,YIH,11,-,-
4/9/2018 15:52,BIZ2,9,-,-
4/9/2018 15:52,PGP7,9,-,-
4/9/2018 15:52,PGPT,8,-,-
4/9/2018 15:55,LT13,11,-,-
4/9/2018 15:55,COM2,15,-,-
4/9/2018 15:55,KR-MRT,18,-,-
4/9/2018 15:55,LT29,11,-,-
4/9/2018 15:55,UHALL,13,-,-
4/9/2018 15:55,PGP12-OPP,7,-,-
4/9/2018 15:55,CENLIB,10,-,-
4/9/2018 15:55,STAFFCLUB-OPP,15,-,-
4/9/2018 15:55,AS7,12,-,-
4/9/2018 15:55,YIH,8,-,-
4/9/2018 15:55,BIZ2,17,-,-
4/9/2018 15:55,PGP7,8,-,-
4/9/2018 15:55,PGPT,15,-,-
4/9/2018 15:58,LT13,4,-,-
4/9/2018 15:58,COM2,6,-,-
4/9/2018 15:58,KR-MRT,15,-,-
4/9/2018 15:58,LT29,18,-,-
4/9/2018 15:58,UHALL,20,-,-
4/9/2018 15:58,PGP12-OPP,9,-,-
4/9/2018 15:58,CENLIB,25,-,-
4/9/2018 15:58,STAFFCLUB-OPP,22,-,-
4/9/2018 15:58,AS7,5,-,-
4/9/2018 15:58,YIH,23,-,-
4/9/2018 15:58,BIZ2,8,-,-
4/9/2018 15:58,PGP7,9,-,-
4/9/2018 15:58,PGPT,12,-,-
4/9/2018 16:01,LT13,13,-,-
4/9/2018 16:01,COM2,19,-,-
4/9/2018 16:01,KR-MRT,12,-,-
4/9/2018 16:01,LT29,15,-,-
4/9/2018 16:01,UHALL,17,-,-
4/9/2018 16:01,PGP12-OPP,6,-,-
4/9/2018 16:02,CENLIB,10,-,-
4/9/2018 16:02,STAFFCLUB-OPP,18,-,-
4/9/2018 16:02,AS7,14,-,-
4/9/2018 16:02,YIH,19,-,-
4/9/2018 16:02,BIZ2,5,-,-
4/9/2018 16:02,PGP7,6,-,-
4/9/2018 16:02,PGPT,18,-,-
4/9/2018 16:05,LT13,20,-,-
4/9/2018 16:05,COM2,7,-,-
4/9/2018 16:05,KR-MRT,18,-,-
4/9/2018 16:05,LT29,11,-,-
4/9/2018 16:05,UHALL,13,-,-
4/9/2018 16:05,PGP12-OPP,3,-,-
4/9/2018 16:05,CENLIB,18,-,-
4/9/2018 16:05,STAFFCLUB-OPP,15,-,-
4/9/2018 16:05,AS7,21,-,-
4/9/2018 16:05,YIH,16,-,-
4/9/2018 16:05,BIZ2,10,-,-
4/9/2018 16:05,PGP7,3,-,-
4/9/2018 16:05,PGPT,15,-,-
4/9/2018 16:08,LT13,27,-,-
4/9/2018 16:08,COM2,29,-,-
4/9/2018 16:08,KR-MRT,15,-,-
4/9/2018 16:08,LT29,18,-,-
4/9/2018 16:08,UHALL,20,-,-
4/9/2018 16:08,PGP12-OPP,33,-,-
4/9/2018 16:08,CENLIB,25,-,-
4/9/2018 16:08,STAFFCLUB-OPP,22,-,-
4/9/2018 16:08,AS7,28,-,-
4/9/2018 16:08,YIH,23,-,-
4/9/2018 16:08,BIZ2,32,-,-
4/9/2018 16:08,PGP7,34,-,-
4/9/2018 16:08,PGPT,12,-,-
4/9/2018 16:11,LT13,24,-,-
4/9/2018 16:11,COM2,12,-,-
4/9/2018 16:11,KR-MRT,12,-,-
4/9/2018 16:11,LT29,15,-,-
4/9/2018 16:11,UHALL,17,-,-
4/9/2018 16:11,PGP12-OPP,16,-,-
4/9/2018 16:11,CENLIB,22,-,-
4/9/2018 16:12,STAFFCLUB-OPP,18,-,-
4/9/2018 16:12,AS7,24,-,-
4/9/2018 16:12,YIH,19,-,-
4/9/2018 16:12,BIZ2,15,-,-
4/9/2018 16:12,PGP7,16,-,-
4/9/2018 16:12,PGPT,18,-,-
4/9/2018 16:15,LT13,20,-,-
4/9/2018 16:15,COM2,22,-,-
4/9/2018 16:15,KR-MRT,18,-,-
4/9/2018 16:15,LT29,11,-,-
4/9/2018 16:15,UHALL,13,-,-
4/9/2018 16:15,PGP12-OPP,13,-,-
4/9/2018 16:15,CENLIB,18,-,-
4/9/2018 16:15,STAFFCLUB-OPP,15,-,-
4/9/2018 16:15,AS7,21,-,-
4/9/2018 16:15,YIH,16,-,-
4/9/2018 16:15,BIZ2,12,-,-
4/9/2018 16:15,PGP7,13,-,-
4/9/2018 16:15,PGPT,15,-,-
4/9/2018 16:18,LT13,27,-,-
4/9/2018 16:18,COM2,29,-,-
4/9/2018 16:18,KR-MRT,15,-,-
4/9/2018 16:18,LT29,18,-,-
4/9/2018 16:18,UHALL,20,-,-
4/9/2018 16:18,PGP12-OPP,33,-,-
4/9/2018 16:18,CENLIB,25,-,-
4/9/2018 16:18,STAFFCLUB-OPP,22,-,-
4/9/2018 16:18,AS7,28,-,-
4/9/2018 16:18,YIH,23,-,-
4/9/2018 16:18,BIZ2,32,-,-
4/9/2018 16:18,PGP7,34,-,-
4/9/2018 16:18,PGPT,12,-,-
4/9/2018 16:21,LT13,10,-,-
4/9/2018 16:21,COM2,16,-,-
4/9/2018 16:21,KR-MRT,12,-,-
4/9/2018 16:21,LT29,15,-,-
4/9/2018 16:21,UHALL,17,-,-
4/9/2018 16:21,PGP12-OPP,21,-,-
4/9/2018 16:21,CENLIB,22,-,-
4/9/2018 16:21,STAFFCLUB-OPP,19,-,-
4/9/2018 16:22,AS7,11,-,-
4/9/2018 16:22,YIH,19,-,-
4/9/2018 16:22,BIZ2,19,-,-
4/9/2018 16:22,PGP7,23,-,-
4/9/2018 16:22,PGPT,18,-,-
4/9/2018 16:25,LT13,20,-,-
4/9/2018 16:25,COM2,22,-,-
4/9/2018 16:25,KR-MRT,18,-,-
4/9/2018 16:25,LT29,11,-,-
4/9/2018 16:25,UHALL,13,-,-
4/9/2018 16:25,PGP12-OPP,10,-,-
4/9/2018 16:25,CENLIB,18,-,-
4/9/2018 16:25,STAFFCLUB-OPP,15,-,-
4/9/2018 16:25,AS7,21,-,-
4/9/2018 16:25,YIH,16,-,-
4/9/2018 16:25,BIZ2,9,-,-
4/9/2018 16:25,PGP7,10,-,-
4/9/2018 16:25,PGPT,15,-,-
4/9/2018 16:28,LT13,27,-,-
4/9/2018 16:28,COM2,29,-,-
4/9/2018 16:28,KR-MRT,15,-,-
4/9/2018 16:28,LT29,18,-,-
4/9/2018 16:28,UHALL,20,-,-
4/9/2018 16:28,PGP12-OPP,33,-,-
4/9/2018 16:28,CENLIB,25,-,-
4/9/2018 16:28,STAFFCLUB-OPP,22,-,-
4/9/2018 16:28,AS7,28,-,-
4/9/2018 16:28,YIH,23,-,-
4/9/2018 16:28,BIZ2,32,-,-
4/9/2018 16:28,PGP7,34,-,-
4/9/2018 16:28,PGPT,12,-,-
4/9/2018 16:31,LT13,24,-,-
4/9/2018 16:31,COM2,15,-,-
4/9/2018 16:31,KR-MRT,12,-,-
4/9/2018 16:31,LT29,15,-,-
4/9/2018 16:31,UHALL,17,-,-
4/9/2018 16:31,PGP12-OPP,27,-,-
4/9/2018 16:31,CENLIB,22,-,-
4/9/2018 16:31,STAFFCLUB-OPP,19,-,-
4/9/2018 16:32,AS7,12,-,-
4/9/2018 16:32,YIH,19,-,-
4/9/2018 16:32,BIZ2,25,-,-
4/9/2018 16:32,PGP7,25,-,-
4/9/2018 16:32,PGPT,18,-,-
4/9/2018 16:35,LT13,20,-,-
4/9/2018 16:35,COM2,22,-,-
4/9/2018 16:35,KR-MRT,18,-,-
4/9/2018 16:35,LT29,11,-,-
4/9/2018 16:35,UHALL,13,-,-
4/9/2018 16:35,PGP12-OPP,10,-,-
4/9/2018 16:35,CENLIB,18,-,-
4/9/2018 16:35,STAFFCLUB-OPP,15,-,-
4/9/2018 16:35,AS7,21,-,-
4/9/2018 16:35,YIH,16,-,-
4/9/2018 16:35,BIZ2,9,-,-
4/9/2018 16:35,PGP7,10,-,-
4/9/2018 16:35,PGPT,15,-,-
4/9/2018 16:38,LT13,27,-,-
4/9/2018 16:38,COM2,29,-,-
4/9/2018 16:38,KR-MRT,15,-,-
4/9/2018 16:38,LT29,18,-,-
4/9/2018 16:38,UHALL,20,-,-
4/9/2018 16:38,PGP12-OPP,33,-,-
4/9/2018 16:38,CENLIB,25,-,-
4/9/2018 16:38,STAFFCLUB-OPP,22,-,-
4/9/2018 16:38,AS7,28,-,-
4/9/2018 16:38,YIH,23,-,-
4/9/2018 16:38,BIZ2,32,-,-
4/9/2018 16:38,PGP7,34,-,-
4/9/2018 16:38,PGPT,12,-,-
4/9/2018 16:41,LT13,24,-,-
4/9/2018 16:41,COM2,20,-,-
4/9/2018 16:41,KR-MRT,12,-,-
4/9/2018 16:41,LT29,15,-,-
4/9/2018 16:41,UHALL,17,-,-
4/9/2018 16:41,PGP12-OPP,27,-,-
4/9/2018 16:41,CENLIB,22,-,-
4/9/2018 16:41,STAFFCLUB-OPP,19,-,-
4/9/2018 16:41,AS7,12,-,-
4/9/2018 16:41,YIH,20,-,-
4/9/2018 16:41,BIZ2,21,-,-
4/9/2018 16:41,PGP7,22,-,-
4/9/2018 16:42,PGPT,18,-,-
4/9/2018 16:45,LT13,20,-,-
4/9/2018 16:45,COM2,22,-,-
4/9/2018 16:45,KR-MRT,18,-,-
4/9/2018 16:45,LT29,11,-,-
4/9/2018 16:45,UHALL,13,-,-
4/9/2018 16:45,PGP12-OPP,10,-,-
4/9/2018 16:45,CENLIB,18,-,-
4/9/2018 16:45,STAFFCLUB-OPP,15,-,-
4/9/2018 16:45,AS7,21,-,-
4/9/2018 16:45,YIH,16,-,-
4/9/2018 16:45,BIZ2,10,-,-
4/9/2018 16:45,PGP7,10,-,-
4/9/2018 16:45,PGPT,15,-,-
4/9/2018 16:48,LT13,27,-,-
4/9/2018 16:48,COM2,29,-,-
4/9/2018 16:48,KR-MRT,15,-,-
4/9/2018 16:48,LT29,18,-,-
4/9/2018 16:48,UHALL,20,-,-
4/9/2018 16:48,PGP12-OPP,33,-,-
4/9/2018 16:48,CENLIB,25,-,-
4/9/2018 16:48,STAFFCLUB-OPP,22,-,-
4/9/2018 16:48,AS7,28,-,-
4/9/2018 16:48,YIH,23,-,-
4/9/2018 16:48,BIZ2,32,-,-
4/9/2018 16:48,PGP7,34,-,-
4/9/2018 16:48,PGPT,12,-,-
4/9/2018 16:51,LT13,14,-,-
4/9/2018 16:51,COM2,14,-,-
4/9/2018 16:51,KR-MRT,12,-,-
4/9/2018 16:51,LT29,15,-,-
4/9/2018 16:51,UHALL,17,-,-
4/9/2018 16:51,PGP12-OPP,25,-,-
4/9/2018 16:51,CENLIB,22,-,-
4/9/2018 16:51,STAFFCLUB-OPP,19,-,-
4/9/2018 16:51,AS7,11,-,-
4/9/2018 16:51,YIH,20,-,-
4/9/2018 16:51,BIZ2,21,-,-
4/9/2018 16:51,PGP7,21,-,-
4/9/2018 16:52,PGPT,18,-,-
4/9/2018 16:55,LT13,20,-,-
4/9/2018 16:55,COM2,22,-,-
4/9/2018 16:55,KR-MRT,18,-,-
4/9/2018 16:55,LT29,11,-,-
4/9/2018 16:55,UHALL,13,-,-
4/9/2018 16:55,PGP12-OPP,10,-,-
4/9/2018 16:55,CENLIB,18,-,-
4/9/2018 16:55,STAFFCLUB-OPP,15,-,-
4/9/2018 16:55,AS7,21,-,-
4/9/2018 16:55,YIH,16,-,-
4/9/2018 16:55,BIZ2,9,-,-
4/9/2018 16:55,PGP7,10,-,-
4/9/2018 16:55,PGPT,15,-,-
4/9/2018 16:58,LT13,27,-,-
4/9/2018 16:58,COM2,29,-,-
4/9/2018 16:58,KR-MRT,15,-,-
4/9/2018 16:58,LT29,18,-,-
4/9/2018 16:58,UHALL,20,-,-
4/9/2018 16:58,PGP12-OPP,33,-,-
4/9/2018 16:58,CENLIB,25,-,-
4/9/2018 16:58,STAFFCLUB-OPP,22,-,-
4/9/2018 16:58,AS7,28,-,-
4/9/2018 16:58,YIH,23,-,-
4/9/2018 16:58,BIZ2,32,-,-
4/9/2018 16:58,PGP7,34,-,-
4/9/2018 16:58,PGPT,12,-,-
4/9/2018 17:01,LT13,14,-,-
4/9/2018 17:01,COM2,17,-,-
4/9/2018 17:01,KR-MRT,12,-,-
4/9/2018 17:01,LT29,15,-,-
4/9/2018 17:01,UHALL,17,-,-
4/9/2018 17:01,PGP12-OPP,24,-,-
4/9/2018 17:01,CENLIB,22,-,-
4/9/2018 17:02,STAFFCLUB-OPP,18,-,-
4/9/2018 17:02,AS7,10,-,-
4/9/2018 17:02,YIH,19,-,-
4/9/2018 17:02,BIZ2,23,-,-
4/9/2018 17:02,PGP7,20,-,-
4/9/2018 17:02,PGPT,18,-,-
4/9/2018 17:05,LT13,20,-,-
4/9/2018 17:05,COM2,22,-,-
4/9/2018 17:05,KR-MRT,18,-,-
4/9/2018 17:05,LT29,11,-,-
4/9/2018 17:05,UHALL,13,-,-
4/9/2018 17:05,PGP12-OPP,12,-,-
4/9/2018 17:05,CENLIB,18,-,-
4/9/2018 17:05,STAFFCLUB-OPP,15,-,-
4/9/2018 17:05,AS7,21,-,-
4/9/2018 17:05,YIH,16,-,-
4/9/2018 17:05,BIZ2,11,-,-
4/9/2018 17:05,PGP7,12,-,-
4/9/2018 17:05,PGPT,15,-,-
4/9/2018 17:08,LT13,27,-,-
4/9/2018 17:08,COM2,29,-,-
4/9/2018 17:08,KR-MRT,15,-,-
4/9/2018 17:08,LT29,18,-,-
4/9/2018 17:08,UHALL,20,-,-
4/9/2018 17:08,PGP12-OPP,33,-,-
4/9/2018 17:08,CENLIB,25,-,-
4/9/2018 17:08,STAFFCLUB-OPP,22,-,-
4/9/2018 17:08,AS7,28,-,-
4/9/2018 17:08,YIH,23,-,-
4/9/2018 17:08,BIZ2,32,-,-
4/9/2018 17:08,PGP7,34,-,-
4/9/2018 17:08,PGPT,12,-,-
4/9/2018 17:11,LT13,11,-,-
4/9/2018 17:11,COM2,19,-,-
4/9/2018 17:11,KR-MRT,12,-,-
4/9/2018 17:11,LT29,14,-,-
4/9/2018 17:12,UHALL,16,-,-
4/9/2018 17:12,PGP12-OPP,20,-,-
4/9/2018 17:12,CENLIB,21,-,-
4/9/2018 17:12,STAFFCLUB-OPP,18,-,-
4/9/2018 17:12,AS7,17,-,-
4/9/2018 17:12,YIH,19,-,-
4/9/2018 17:12,BIZ2,20,-,-
4/9/2018 17:12,PGP7,19,-,-
4/9/2018 17:12,PGPT,18,-,-
